id,first_name,last_name,email,gender,date_joined,birth_date
1,Carmelina,Grigolon,cgrigolon0@weibo.com,Non-binary,2021-06-24,1991-02-17
2,Everard,Vinker,evinker1@alexa.com,Agender,2021-07-28,1988-03-04
3,Ralph,Casbolt,rcasbolt2@ezinearticles.com,Male,2021-04-05,1980-04-01
4,Spence,Diviney,sdiviney3@sun.com,Non-binary,2021-07-22,1990-09-22
5,Kane,Sellner,ksellner4@cbc.ca,Female,2021-07-08,1992-07-20
6,Rosemaria,Gullane,rgullane5@patch.com,Polygender,2021-07-28,1990-11-01
7,Doy,Brugsma,dbrugsma6@usda.gov,Agender,2021-03-07,1991-06-25
8,Andree,Braine,abraine7@baidu.com,Female,2021-07-23,1995-09-01
9,Iosep,Tumpane,itumpane8@whitehouse.gov,Agender,2021-11-27,1997-04-07
10,Kayley,McPhilip,kmcphilip9@eventbrite.com,Genderfluid,2021-03-13,1980-03-10
11,Justin,Garvagh,jgarvagha@diigo.com,Agender,2021-07-13,1984-06-01
12,Aloin,Fincham,afinchamb@meetup.com,Bigender,2021-04-03,1997-02-20
13,Holmes,Sorby,hsorbyc@delicious.com,Genderfluid,2021-05-21,1993-05-15
14,Sandi,Gibben,sgibbend@chron.com,Bigender,2021-06-07,1996-10-13
15,Chris,McGiven,cmcgivene@infoseek.co.jp,Non-binary,2021-01-25,1986-04-24
16,Thaddus,Grent,tgrentf@twitter.com,Polygender,2021-03-11,1993-03-22
17,Anny,Klesse,aklesseg@comcast.net,Polygender,2021-05-23,1980-05-27
18,Caz,Rosso,crossoh@mediafire.com,Male,2021-03-12,1993-03-31
19,Elsi,Gillyatt,egillyatti@flavors.me,Bigender,2021-03-09,1985-10-24
20,Glenine,Yurkiewicz,gyurkiewiczj@plala.or.jp,Female,2021-04-13,1985-03-14
21,Peggi,Brockwell,pbrockwellk@bandcamp.com,Genderqueer,2021-04-13,1983-06-27
22,Marja,Petric,mpetricl@sbwire.com,Female,2020-12-19,1994-12-16
23,Bryce,Beasleigh,bbeasleighm@aboutads.info,Non-binary,2021-07-10,1996-11-27
24,Sutherlan,MacCauley,smaccauleyn@google.ru,Genderqueer,2021-09-24,1994-08-15
25,Dione,Ciccerale,dcicceraleo@4shared.com,Genderfluid,2021-09-25,1999-11-15
26,Amory,Heister,aheisterp@stumbleupon.com,Genderqueer,2021-03-08,1998-07-06
27,Sophie,Cosgrive,scosgriveq@google.ru,Genderqueer,2021-08-12,1981-11-12
28,Adolf,Grigolon,agrigolonr@omniture.com,Genderfluid,2021-06-30,1991-12-13
29,Adriano,Dacre,adacres@deliciousdays.com,Bigender,2021-06-22,1987-07-11
30,Virgie,Atwool,vatwoolt@purevolume.com,Agender,2021-05-23,1989-12-18
31,Berny,Scrimshire,bscrimshireu@list-manage.com,Agender,2021-06-23,1998-06-29
32,Sutherland,Aizikowitz,saizikowitzv@marketwatch.com,Female,2021-09-17,1989-09-04
33,Constancia,Placstone,cplacstonew@csmonitor.com,Female,2021-07-10,1990-08-26
34,Josepha,Sproat,jsproatx@springer.com,Bigender,2021-06-27,1997-10-12
35,Meg,Fortman,mfortmany@ftc.gov,Male,2021-03-19,1981-09-09
36,Robert,Channon,rchannonz@irs.gov,Female,2021-11-06,1995-03-10
37,Parrnell,Curtiss,pcurtiss10@dion.ne.jp,Genderfluid,2021-05-20,1980-12-27
38,Silvanus,Hammel,shammel11@reverbnation.com,Bigender,2021-05-02,1996-11-10
39,Horacio,Fitzhenry,hfitzhenry12@chronoengine.com,Female,2021-03-06,1997-10-24
40,Gert,McLelland,gmclelland13@usgs.gov,Non-binary,2021-02-13,1995-04-06
41,Regina,Patsall,rpatsall14@de.vu,Polygender,2021-11-02,1986-08-13
42,Jacklin,Dalli,jdalli15@baidu.com,Genderqueer,2021-09-27,1984-07-14
43,Ann,Couvert,acouvert16@privacy.gov.au,Genderfluid,2021-11-17,1986-06-19
44,Blinnie,Liversidge,bliversidge17@chicagotribune.com,Bigender,2021-06-08,1999-05-24
45,Elane,Ettery,eettery18@yellowpages.com,Non-binary,2021-04-14,1999-10-04
46,Benyamin,Eyckelbeck,beyckelbeck19@google.nl,Genderfluid,2021-03-27,1998-05-25
47,Alla,Rittelmeyer,arittelmeyer1a@pinterest.com,Female,2021-08-18,1981-06-10
48,Britteny,Hedling,bhedling1b@moonfruit.com,Polygender,2021-02-09,1989-05-21
49,Norbie,Doerling,ndoerling1c@amazon.de,Female,2021-04-10,1992-06-16
50,Eda,Jumonet,ejumonet1d@phpbb.com,Female,2021-02-28,1987-11-20
51,Karol,Milan,kmilan1e@redcross.org,Genderqueer,2021-04-10,1993-10-17
52,Ilyssa,Quickenden,iquickenden1f@arstechnica.com,Bigender,2021-06-12,1994-03-17
53,Hetti,Quinn,hquinn1g@springer.com,Genderqueer,2021-07-24,1996-12-04
54,Dierdre,Helstrom,dhelstrom1h@chron.com,Non-binary,2020-11-30,1983-11-28
55,Erika,Skeates,eskeates1i@meetup.com,Bigender,2021-01-31,1987-09-10
56,Tarrance,Braben,tbraben1j@umich.edu,Female,2021-04-17,1994-02-11
57,Dyan,Klimowicz,dklimowicz1k@hud.gov,Agender,2021-08-30,1982-05-10
58,Floria,Elloy,felloy1l@exblog.jp,Agender,2021-08-05,1997-07-24
59,Leoine,Marxsen,lmarxsen1m@illinois.edu,Genderqueer,2021-07-16,1989-06-13
60,Zacherie,Reinbach,zreinbach1n@myspace.com,Non-binary,2021-11-03,1987-02-14
61,Pandora,Domel,pdomel1o@webs.com,Genderfluid,2021-03-12,1982-01-16
62,Stafford,Barth,sbarth1p@behance.net,Agender,2021-06-13,1983-10-08
63,Carly,Fishlee,cfishlee1q@redcross.org,Bigender,2021-01-18,1984-10-03
64,Rodger,Kirmond,rkirmond1r@weebly.com,Male,2021-07-06,1988-12-06
65,Florence,Celes,fceles1s@google.pl,Agender,2020-12-04,1997-04-30
66,Cordy,Oxbe,coxbe1t@va.gov,Male,2021-07-02,1980-11-04
67,Lewiss,Carn,lcarn1u@miitbeian.gov.cn,Genderfluid,2021-08-05,1999-11-06
68,Philip,Domenichini,pdomenichini1v@imageshack.us,Genderfluid,2021-04-01,1988-11-21
69,Bud,Bellelli,bbellelli1w@acquirethisname.com,Genderfluid,2021-05-25,1998-03-07
70,Feodora,Bretton,fbretton1x@topsy.com,Male,2021-08-04,1997-07-02
71,Nert,Isabell,nisabell1y@amazon.co.jp,Non-binary,2020-12-13,1988-04-07
72,Joe,Savidge,jsavidge1z@rediff.com,Bigender,2021-10-04,1997-06-27
73,Kermy,Speaks,kspeaks20@zimbio.com,Genderfluid,2021-01-01,1983-06-24
74,Sissie,Cesco,scesco21@baidu.com,Bigender,2021-05-30,1984-02-19
75,Cara,Petera,cpetera22@comcast.net,Polygender,2021-07-14,1984-01-05
76,Sibelle,Chalfant,schalfant23@shop-pro.jp,Genderfluid,2021-02-28,1988-04-25
77,Kylen,Yelyashev,kyelyashev24@dmoz.org,Female,2021-07-30,1988-01-11
78,Redford,Heibl,rheibl25@army.mil,Polygender,2021-03-27,1981-12-18
79,Devon,Hamlett,dhamlett26@netlog.com,Agender,2021-08-31,1995-01-27
80,Edythe,Safont,esafont27@oakley.com,Polygender,2021-07-02,1982-01-26
81,Vassili,Yurivtsev,vyurivtsev28@digg.com,Male,2021-02-16,1992-09-20
82,Dot,Knight,dknight29@ft.com,Male,2021-01-06,1999-10-29
83,Kaycee,Fante,kfante2a@parallels.com,Bigender,2020-12-17,1980-12-18
84,Lou,Garment,lgarment2b@ft.com,Agender,2021-11-12,1989-11-22
85,Chancey,Knoles,cknoles2c@ovh.net,Genderfluid,2021-07-14,1998-02-17
86,Leona,Dunlea,ldunlea2d@hao123.com,Agender,2021-07-17,1996-09-03
87,Perl,Sighart,psighart2e@thetimes.co.uk,Male,2021-05-30,1980-03-06
88,Norman,Scoone,nscoone2f@1und1.de,Bigender,2021-06-13,1980-03-07
89,Christan,Hiscoe,chiscoe2g@economist.com,Polygender,2021-08-20,1985-05-17
90,Dalia,De Lasci,ddelasci2h@4shared.com,Female,2021-10-16,1984-04-14
91,Pancho,Woolston,pwoolston2i@weebly.com,Male,2021-10-21,1988-02-14
92,Stesha,Kornas,skornas2j@joomla.org,Polygender,2021-01-22,1996-12-10
93,Hazel,Roggeman,hroggeman2k@shutterfly.com,Bigender,2021-08-30,1999-06-19
94,Joycelin,Whewell,jwhewell2l@1und1.de,Polygender,2020-12-14,1989-07-15
95,Dion,Welfair,dwelfair2m@psu.edu,Polygender,2020-12-07,1991-10-05
96,Chip,Tremblay,ctremblay2n@deviantart.com,Polygender,2021-10-08,1983-04-09
97,Modesty,Buckley,mbuckley2o@canalblog.com,Non-binary,2021-07-31,1996-01-28
98,Papageno,Buxey,pbuxey2p@auda.org.au,Female,2021-01-17,1985-10-25
99,Billy,McLardie,bmclardie2q@prlog.org,Genderfluid,2021-09-23,1991-02-27
100,Dinah,Burrow,dburrow2r@thetimes.co.uk,Non-binary,2021-02-18,1984-08-20
101,Quent,Gunney,qgunney2s@google.co.uk,Bigender,2021-10-08,1987-09-10
102,Karrie,Staner,kstaner2t@ezinearticles.com,Agender,2021-09-14,1981-03-21
103,Eunice,Swann,eswann2u@census.gov,Male,2021-11-05,1997-11-15
104,Corenda,Tissell,ctissell2v@phpbb.com,Genderqueer,2021-07-08,1998-01-09
105,Ewen,Hullett,ehullett2w@psu.edu,Polygender,2021-06-30,1989-08-07
106,Mateo,Reuven,mreuven2x@ted.com,Non-binary,2021-01-11,1981-06-04
107,Hew,Belle,hbelle2y@myspace.com,Agender,2021-05-20,1991-01-22
108,Hew,Preddle,hpreddle2z@sciencedirect.com,Female,2021-03-08,1991-07-26
109,Natividad,Bollen,nbollen30@earthlink.net,Genderqueer,2021-10-10,1985-08-24
110,Sigfried,Cains,scains31@walmart.com,Agender,2021-04-10,1988-07-05
111,Simone,Coe,scoe32@google.fr,Genderfluid,2021-02-15,1982-04-11
112,Ceciley,Pickles,cpickles33@stanford.edu,Genderfluid,2021-09-06,1989-08-14
113,Dunc,Lutas,dlutas34@ehow.com,Non-binary,2021-04-05,1998-01-07
114,Amby,Woffenden,awoffenden35@unblog.fr,Non-binary,2021-10-08,1984-08-14
115,Adah,Daviddi,adaviddi36@meetup.com,Male,2021-09-20,1996-03-01
116,Lauretta,Muress,lmuress37@shop-pro.jp,Polygender,2021-02-06,1997-05-07
117,Christy,Lenton,clenton38@cornell.edu,Female,2021-05-16,1989-05-22
118,Lesya,Hunnable,lhunnable39@senate.gov,Female,2021-03-24,1999-02-25
119,Kenna,Lahive,klahive3a@trellian.com,Genderfluid,2021-08-28,1999-02-12
120,Pieter,Salzen,psalzen3b@reuters.com,Bigender,2020-12-26,1991-09-17
121,Malachi,Mildmott,mmildmott3c@blogger.com,Genderqueer,2021-01-20,1993-04-27
122,Tarah,Floyde,tfloyde3d@home.pl,Non-binary,2021-03-15,1991-01-04
123,Caye,Haimes,chaimes3e@alexa.com,Agender,2021-07-27,1993-08-24
124,Caitrin,Ciobotaro,cciobotaro3f@booking.com,Bigender,2021-01-17,1982-09-10
125,Lek,Barrow,lbarrow3g@simplemachines.org,Non-binary,2021-05-19,1991-04-06
126,Teena,Jardin,tjardin3h@cpanel.net,Non-binary,2020-12-30,1999-06-20
127,Leontine,Buddell,lbuddell3i@printfriendly.com,Polygender,2021-10-17,1997-06-20
128,Ivonne,Stanning,istanning3j@paypal.com,Agender,2021-05-07,1991-01-26
129,Pearle,Grzesiak,pgrzesiak3k@businessweek.com,Genderfluid,2021-03-21,1985-05-20
130,Franzen,Barrass,fbarrass3l@yale.edu,Genderqueer,2021-05-17,1990-04-29
131,Miguela,Levecque,mlevecque3m@gnu.org,Bigender,2021-03-24,1982-01-20
132,Melita,Furby,mfurby3n@cam.ac.uk,Bigender,2021-07-09,1993-12-09
133,Leopold,Sanchis,lsanchis3o@ox.ac.uk,Agender,2021-06-29,1983-06-04
134,Joyann,MacGilfoyle,jmacgilfoyle3p@hostgator.com,Genderqueer,2021-03-03,1989-07-25
135,Godard,Naptine,gnaptine3q@liveinternet.ru,Male,2021-05-01,1985-05-19
136,Florencia,Lawler,flawler3r@nih.gov,Genderfluid,2021-02-13,1998-04-06
137,Cullin,Coopman,ccoopman3s@fotki.com,Male,2021-07-27,1998-04-09
138,Jolie,Vaskov,jvaskov3t@mtv.com,Bigender,2021-10-23,1992-04-24
139,Katuscha,Cockaday,kcockaday3u@chron.com,Non-binary,2021-06-06,1981-05-14
140,Rodina,Brittoner,rbrittoner3v@admin.ch,Bigender,2021-08-11,1986-10-22
141,Uri,Jerram,ujerram3w@nifty.com,Agender,2020-12-22,1995-06-26
142,Berke,Hurich,bhurich3x@prnewswire.com,Genderfluid,2021-09-11,1997-01-30
143,Shela,Collopy,scollopy3y@dot.gov,Non-binary,2021-04-15,1981-05-16
144,Inge,Millyard,imillyard3z@sciencedirect.com,Female,2021-10-19,1994-04-25
145,Emmeline,Duckett,educkett40@umn.edu,Bigender,2021-02-10,1985-11-06
146,Reinaldo,Szymonowicz,rszymonowicz41@spiegel.de,Female,2021-11-18,1986-09-03
147,Eyde,Fridlington,efridlington42@zdnet.com,Genderfluid,2021-10-18,1998-09-05
148,Hernando,Koenraad,hkoenraad43@seattletimes.com,Polygender,2021-08-16,1983-02-09
149,Maxi,Collings,mcollings44@yellowbook.com,Non-binary,2021-02-05,1982-10-21
150,Trey,McLernon,tmclernon45@chron.com,Bigender,2021-05-24,1989-04-11
151,Grace,Blakelock,gblakelock46@ft.com,Genderfluid,2021-05-17,1987-10-09
152,Ferdinand,Flaxon,fflaxon47@macromedia.com,Agender,2020-12-04,1997-03-12
153,Waverly,Woolfall,wwoolfall48@free.fr,Genderfluid,2021-07-14,1980-11-17
154,Cicily,Hunting,chunting49@plala.or.jp,Agender,2021-04-05,1987-07-08
155,Astrid,Surgenor,asurgenor4a@princeton.edu,Female,2021-04-22,1989-02-16
156,Ginnie,Keeffe,gkeeffe4b@cocolog-nifty.com,Genderfluid,2021-02-17,1989-03-26
157,Teddy,Connor,tconnor4c@princeton.edu,Female,2021-01-08,1990-07-15
158,Korey,Shadwick,kshadwick4d@hhs.gov,Genderqueer,2021-09-22,1985-02-22
159,Allyn,Gobolos,agobolos4e@over-blog.com,Genderfluid,2021-03-20,1989-04-07
160,Elliott,Frisdick,efrisdick4f@skype.com,Female,2021-03-28,1990-02-03
161,Joete,McPhelimey,jmcphelimey4g@telegraph.co.uk,Non-binary,2021-01-30,1986-04-19
162,Benni,Gooderidge,bgooderidge4h@naver.com,Polygender,2021-03-17,1988-04-20
163,Hector,Raysdale,hraysdale4i@umn.edu,Male,2020-12-21,1990-10-02
164,Mikel,Cleyne,mcleyne4j@blogspot.com,Male,2021-09-13,1984-12-20
165,Dallon,Farlane,dfarlane4k@arstechnica.com,Non-binary,2020-12-31,1991-01-19
166,Melisent,Shilston,mshilston4l@about.com,Male,2021-08-07,1988-10-30
167,Cordie,Josifovic,cjosifovic4m@privacy.gov.au,Bigender,2021-04-15,1997-05-15
168,Clayborne,Cartman,ccartman4n@archive.org,Non-binary,2021-11-15,1985-08-09
169,Judah,Bennion,jbennion4o@jigsy.com,Genderfluid,2021-06-19,1985-07-31
170,Carmon,Garvey,cgarvey4p@bloglovin.com,Male,2021-04-19,1985-12-15
171,Rebeka,Oswell,roswell4q@msn.com,Male,2021-03-19,1981-02-20
172,Dalt,Lavington,dlavington4r@princeton.edu,Polygender,2021-07-31,1991-01-29
173,Dal,Sherington,dsherington4s@posterous.com,Non-binary,2021-01-20,1998-09-03
174,Doll,Rubenfeld,drubenfeld4t@un.org,Genderfluid,2021-03-09,1992-06-09
175,Alleen,Gavin,agavin4u@ihg.com,Agender,2021-09-22,1995-02-08
176,Susanne,Topp,stopp4v@indiegogo.com,Agender,2021-07-21,1980-07-09
177,Waverly,Tennock,wtennock4w@jiathis.com,Bigender,2021-05-12,1999-02-16
178,Modesty,Dovermann,mdovermann4x@bizjournals.com,Genderfluid,2021-02-03,1984-12-28
179,Teresita,Snalum,tsnalum4y@examiner.com,Polygender,2021-11-06,1996-04-28
180,Germain,Corpes,gcorpes4z@digg.com,Male,2021-01-12,1998-03-05
181,Camala,Gibb,cgibb50@newsvine.com,Bigender,2021-07-25,1999-05-06
182,Mattie,Mawson,mmawson51@timesonline.co.uk,Genderfluid,2021-03-31,1996-02-16
183,Grover,Pelzer,gpelzer52@unicef.org,Polygender,2021-09-26,1989-04-10
184,Etan,Fairholme,efairholme53@issuu.com,Agender,2021-08-30,1999-08-09
185,Shanon,Siege,ssiege54@privacy.gov.au,Genderqueer,2021-11-20,1998-04-11
186,Clair,Peplaw,cpeplaw55@reuters.com,Female,2021-09-24,1994-09-28
187,Aleece,De Rechter,aderechter56@irs.gov,Genderqueer,2021-09-20,1992-01-31
188,Abe,Judgkins,ajudgkins57@digg.com,Agender,2021-02-21,1982-06-21
189,Quinlan,Aery,qaery58@wordpress.com,Genderqueer,2021-08-30,1986-08-14
190,Giffie,Leathem,gleathem59@webs.com,Male,2021-06-18,1982-10-10
191,Karly,Clibbery,kclibbery5a@wunderground.com,Agender,2021-04-19,1992-11-03
192,Delaney,Pyzer,dpyzer5b@disqus.com,Genderfluid,2021-09-06,1981-01-05
193,Goddard,Peche,gpeche5c@deliciousdays.com,Genderfluid,2021-07-10,1998-06-12
194,Joice,Shinfield,jshinfield5d@youtu.be,Female,2021-01-12,1997-03-03
195,Byrom,Youde,byoude5e@prlog.org,Male,2021-10-28,1988-08-04
196,Gerri,Girardetti,ggirardetti5f@google.com.br,Non-binary,2021-06-06,1990-05-14
197,Carter,Caistor,ccaistor5g@cyberchimps.com,Genderfluid,2021-07-16,1983-09-02
198,Ozzie,Vida,ovida5h@artisteer.com,Non-binary,2020-12-20,1990-05-06
199,Mei,Pidcock,mpidcock5i@newsvine.com,Polygender,2021-10-01,1986-05-15
200,Far,Olley,folley5j@amazon.de,Male,2021-07-12,1981-04-17
201,Andrea,Essame,aessame5k@ihg.com,Genderfluid,2021-07-16,1980-05-28
202,Norris,Scrowby,nscrowby5l@dyndns.org,Female,2021-11-10,1980-05-10
203,Adela,Josovich,ajosovich5m@yellowbook.com,Non-binary,2021-10-17,1987-01-27
204,Jervis,Vowells,jvowells5n@51.la,Male,2021-03-17,1993-01-17
205,Leyla,Huffadine,lhuffadine5o@trellian.com,Genderqueer,2021-06-23,1980-01-27
206,Roz,Mebes,rmebes5p@techcrunch.com,Genderqueer,2021-02-08,1981-12-22
207,Tybie,Beardsdale,tbeardsdale5q@newsvine.com,Bigender,2021-02-10,1990-12-31
208,Aleece,Detoile,adetoile5r@example.com,Genderfluid,2020-12-16,1982-03-27
209,Letitia,Le Friec,llefriec5s@diigo.com,Male,2020-12-13,1993-08-19
210,Denny,Spendlove,dspendlove5t@studiopress.com,Agender,2021-10-23,1997-06-28
211,Joseito,Gabbott,jgabbott5u@google.ru,Genderfluid,2021-05-09,1980-02-19
212,Nevin,Melliard,nmelliard5v@chicagotribune.com,Bigender,2021-05-25,1980-11-12
213,Karola,Toomey,ktoomey5w@about.com,Agender,2021-10-09,1991-08-21
214,Loraine,Rendell,lrendell5x@ifeng.com,Female,2021-01-25,1987-12-27
215,Archer,Oolahan,aoolahan5y@parallels.com,Genderqueer,2021-04-17,1980-06-30
216,Noelle,de Tocqueville,ndetocqueville5z@barnesandnoble.com,Polygender,2021-09-25,1985-05-30
217,Heinrick,Willcock,hwillcock60@360.cn,Non-binary,2021-11-19,1998-07-05
218,Aldis,Plinck,aplinck61@theatlantic.com,Female,2021-11-05,1995-12-16
219,Gus,Richemond,grichemond62@desdev.cn,Genderqueer,2021-07-18,1994-06-29
220,Gabe,Devil,gdevil63@marketwatch.com,Non-binary,2021-06-12,1997-01-22
221,Constance,Brunelleschi,cbrunelleschi64@over-blog.com,Polygender,2021-04-08,1997-03-13
222,Prudence,Tomsett,ptomsett65@webeden.co.uk,Non-binary,2021-04-06,1984-10-05
223,Amory,Challice,achallice66@moonfruit.com,Genderfluid,2021-01-29,1983-01-17
224,Victoir,De Domenicis,vdedomenicis67@bbc.co.uk,Genderfluid,2021-11-01,1993-08-05
225,Sarge,Meaney,smeaney68@weebly.com,Female,2021-06-20,1982-06-01
226,Gabie,Gothup,ggothup69@flickr.com,Genderfluid,2021-08-15,1990-04-20
227,Eugine,Kliemke,ekliemke6a@qq.com,Polygender,2021-09-15,1980-03-24
228,Karilynn,Crooke,kcrooke6b@google.es,Male,2021-03-12,1985-07-28
229,Merrick,Pirdue,mpirdue6c@sun.com,Male,2021-08-24,1987-09-05
230,Brendon,Martinetto,bmartinetto6d@google.ru,Female,2021-05-03,1999-05-12
231,Ricki,Dunbleton,rdunbleton6e@noaa.gov,Bigender,2021-01-02,1999-06-12
232,Thane,Topling,ttopling6f@digg.com,Bigender,2021-11-24,1990-09-05
233,Valentine,Veljes,vveljes6g@wisc.edu,Bigender,2021-09-27,1991-06-15
234,Cyrille,Haskey,chaskey6h@google.ca,Genderqueer,2021-11-15,1985-08-22
235,Constanta,Finby,cfinby6i@phpbb.com,Male,2020-12-08,1983-03-25
236,Trip,Glasbey,tglasbey6j@blogs.com,Polygender,2021-09-04,1999-12-08
237,Annmaria,Adnet,aadnet6k@canalblog.com,Agender,2021-11-19,1991-12-07
238,Carma,Hurdiss,churdiss6l@github.com,Genderqueer,2021-02-24,1990-03-16
239,Delano,Goulter,dgoulter6m@joomla.org,Non-binary,2021-05-25,1998-03-19
240,Othella,Bridgett,obridgett6n@fc2.com,Female,2021-07-08,1998-09-18
241,Corby,Hardware,chardware6o@com.com,Genderfluid,2021-09-19,1982-04-23
242,Lidia,Haggerston,lhaggerston6p@a8.net,Genderqueer,2021-03-07,1983-12-10
243,Valina,Beeble,vbeeble6q@blog.com,Bigender,2021-11-24,1985-02-24
244,Berthe,Marczyk,bmarczyk6r@w3.org,Genderfluid,2021-09-13,1983-05-01
245,Bonnibelle,Stammirs,bstammirs6s@senate.gov,Agender,2021-04-18,1988-08-20
246,Rudd,Vizard,rvizard6t@istockphoto.com,Genderqueer,2021-10-21,1987-11-12
247,Dara,Dogg,ddogg6u@apache.org,Male,2021-01-21,1992-02-16
248,Gwenora,Cressingham,gcressingham6v@discovery.com,Agender,2021-01-18,1995-05-31
249,Barbara-anne,Martinson,bmartinson6w@nih.gov,Female,2021-08-26,1987-10-10
250,Giulietta,Goade,ggoade6x@mtv.com,Agender,2021-09-04,1987-12-13
251,Imelda,Sandyford,isandyford6y@mozilla.com,Genderqueer,2021-05-17,1981-07-10
252,Feliza,Harlow,fharlow6z@surveymonkey.com,Genderqueer,2021-02-11,1992-04-03
253,Timmi,Milhench,tmilhench70@mozilla.com,Male,2021-06-27,1990-02-04
254,Harrison,Clines,hclines71@youku.com,Polygender,2021-09-29,1995-03-28
255,Alia,Monshall,amonshall72@java.com,Agender,2021-10-21,1990-08-20
256,Andy,Chater,achater73@mail.ru,Male,2021-01-29,1984-07-11
257,Ignacio,Wong,iwong74@umn.edu,Male,2020-12-02,1984-07-03
258,Koo,Sartin,ksartin75@ucoz.ru,Polygender,2021-03-07,1990-05-28
259,Ardene,Toffaloni,atoffaloni76@google.com,Male,2021-04-20,1993-09-25
260,Winfield,Garlee,wgarlee77@dedecms.com,Female,2020-12-04,1993-09-08
261,Fiann,Backshaw,fbackshaw78@youku.com,Polygender,2021-05-02,1994-02-19
262,Tommie,Whitty,twhitty79@edublogs.org,Female,2021-10-08,1983-07-07
263,Yolane,Moxham,ymoxham7a@mashable.com,Genderfluid,2021-03-28,1985-06-28
264,Bendix,Titcomb,btitcomb7b@tripod.com,Genderqueer,2021-10-18,1995-02-16
265,Willette,Cushion,wcushion7c@goodreads.com,Genderfluid,2021-02-05,1980-07-04
266,Jason,Heningam,jheningam7d@parallels.com,Male,2021-09-06,1994-04-18
267,Jamie,Giller,jgiller7e@slideshare.net,Polygender,2021-05-29,1982-06-23
268,Alison,Morphet,amorphet7f@pen.io,Bigender,2021-09-04,1986-10-14
269,Freedman,Tarplee,ftarplee7g@photobucket.com,Polygender,2021-11-02,1989-12-12
270,Skyler,Monson,smonson7h@storify.com,Male,2021-06-03,1997-02-20
271,Mickie,Kabisch,mkabisch7i@naver.com,Genderfluid,2021-11-12,1981-06-05
272,Corbin,Tomlins,ctomlins7j@myspace.com,Genderqueer,2020-12-16,1996-12-15
273,Tamra,Hastings,thastings7k@mac.com,Non-binary,2021-05-08,1984-05-01
274,Tina,Hawsby,thawsby7l@typepad.com,Genderfluid,2021-07-17,1992-08-10
275,Any,Flippini,aflippini7m@amazon.co.jp,Polygender,2021-08-18,1994-12-28
276,Gypsy,Jacobowitz,gjacobowitz7n@ucoz.com,Agender,2021-02-07,1996-09-17
277,Dianemarie,Lexa,dlexa7o@wix.com,Genderfluid,2021-07-30,1990-11-17
278,Tiena,Signori,tsignori7p@lycos.com,Agender,2020-12-27,1990-07-27
279,Brynne,MacGilrewy,bmacgilrewy7q@auda.org.au,Bigender,2021-11-06,1986-06-14
280,Ashlan,Beazey,abeazey7r@gov.uk,Bigender,2021-07-06,1986-11-16
281,Margalo,Freestone,mfreestone7s@behance.net,Genderfluid,2020-12-18,1987-04-21
282,Duff,Stacy,dstacy7t@cbc.ca,Bigender,2021-04-26,1988-08-18
283,Frankie,Musslewhite,fmusslewhite7u@stanford.edu,Bigender,2021-07-11,1992-01-03
284,Mischa,Gonnet,mgonnet7v@comcast.net,Bigender,2021-03-16,1993-04-03
285,Issie,Molder,imolder7w@eventbrite.com,Agender,2021-07-24,1988-01-14
286,Frederich,Folland,ffolland7x@youtube.com,Genderfluid,2021-05-04,1991-04-16
287,Sena,Spadollini,sspadollini7y@reddit.com,Genderfluid,2021-09-17,1986-02-19
288,Sheryl,Dalliwatr,sdalliwatr7z@aboutads.info,Agender,2021-07-16,1982-09-27
289,Leilah,Atto,latto80@spotify.com,Non-binary,2021-01-21,1982-05-14
290,Kinnie,Cakebread,kcakebread81@gmpg.org,Female,2021-09-18,1987-10-23
291,Jacinthe,Leeb,jleeb82@tuttocitta.it,Non-binary,2020-12-23,1997-08-21
292,Arther,Caldwall,acaldwall83@usa.gov,Female,2021-05-23,1983-07-24
293,Beauregard,Bulfoy,bbulfoy84@nyu.edu,Agender,2021-10-26,1998-02-22
294,Laird,Minards,lminards85@msu.edu,Male,2021-02-26,1991-08-29
295,Edvard,Bensen,ebensen86@ovh.net,Genderqueer,2021-05-15,1991-05-30
296,Pia,Snodin,psnodin87@unicef.org,Bigender,2021-04-10,1997-07-15
297,Linzy,Dane,ldane88@ifeng.com,Genderfluid,2021-03-14,1999-03-01
298,Nicolas,Cordero,ncordero89@chronoengine.com,Polygender,2021-04-05,1988-09-24
299,Ash,Firpi,afirpi8a@de.vu,Agender,2021-04-28,1981-01-20
300,Maribeth,Guiver,mguiver8b@privacy.gov.au,Genderfluid,2021-09-07,1985-01-03
301,Boigie,Kirkup,bkirkup8c@berkeley.edu,Genderqueer,2021-11-05,1984-08-21
302,Leontyne,Karolowski,lkarolowski8d@msu.edu,Male,2021-03-17,1984-06-06
303,Drona,Loblie,dloblie8e@fotki.com,Male,2021-01-26,1987-04-12
304,Sherilyn,Burdell,sburdell8f@list-manage.com,Genderfluid,2021-10-30,1980-09-28
305,Darby,Brownsea,dbrownsea8g@omniture.com,Male,2021-06-17,1993-11-25
306,Olivette,Pershouse,opershouse8h@netvibes.com,Male,2021-01-03,1997-09-13
307,Lorraine,Cutajar,lcutajar8i@cyberchimps.com,Female,2021-07-03,1998-01-09
308,Carolyne,Stevings,cstevings8j@scientificamerican.com,Polygender,2021-07-01,1995-10-30
309,Carmelita,Whetland,cwhetland8k@networkadvertising.org,Male,2021-10-23,1990-03-18
310,Ruby,Herrieven,rherrieven8l@ocn.ne.jp,Bigender,2021-04-29,1983-02-03
311,Ebba,Lesor,elesor8m@yahoo.com,Non-binary,2021-10-06,1999-04-17
312,Leo,Marston,lmarston8n@msn.com,Non-binary,2021-06-26,1995-02-07
313,Tobe,Klimkovich,tklimkovich8o@histats.com,Male,2021-03-29,1984-09-28
314,Herby,Lowdwell,hlowdwell8p@tinyurl.com,Female,2021-01-07,1996-09-23
315,Emelyne,Kingsworth,ekingsworth8q@marketwatch.com,Genderfluid,2021-06-10,1983-11-24
316,Wesley,De Vaux,wdevaux8r@trellian.com,Male,2021-06-15,1993-07-17
317,Terrill,Hazley,thazley8s@nih.gov,Non-binary,2021-11-27,1980-12-19
318,Rozelle,Whittlesey,rwhittlesey8t@networksolutions.com,Bigender,2021-11-04,1983-01-25
319,Callie,Roslen,croslen8u@lycos.com,Genderfluid,2021-08-16,1994-09-01
320,Katya,Smithson,ksmithson8v@netlog.com,Non-binary,2020-12-23,1987-05-21
321,Sherilyn,Hollyman,shollyman8w@comsenz.com,Agender,2021-05-16,1982-09-19
322,Lainey,Mapholm,lmapholm8x@state.tx.us,Non-binary,2021-11-12,1983-08-10
323,Eilis,Edmundson,eedmundson8y@sakura.ne.jp,Non-binary,2020-12-06,1981-09-14
324,Dar,Bram,dbram8z@pcworld.com,Non-binary,2021-03-12,1982-05-20
325,Gracia,Widmore,gwidmore90@kickstarter.com,Polygender,2021-11-15,1998-12-05
326,Ansley,Caffin,acaffin91@nih.gov,Bigender,2021-10-05,1998-09-02
327,Farand,Amys,famys92@macromedia.com,Genderfluid,2020-12-18,1983-08-08
328,Johny,Dadswell,jdadswell93@nhs.uk,Female,2020-12-17,1997-11-15
329,Elden,Cuttin,ecuttin94@techcrunch.com,Genderqueer,2020-12-10,1981-03-20
330,Nara,Gowland,ngowland95@tinyurl.com,Non-binary,2021-08-01,1998-09-03
331,Lenette,Allaker,lallaker96@technorati.com,Non-binary,2021-08-15,1996-06-20
332,Welbie,Cherry,wcherry97@jimdo.com,Female,2021-05-31,1996-01-06
333,Nonnah,Vasyunkin,nvasyunkin98@tripadvisor.com,Agender,2021-09-20,1986-04-23
334,Ninon,Greschke,ngreschke99@de.vu,Female,2021-10-13,1992-05-29
335,Matilde,Jewitt,mjewitt9a@narod.ru,Polygender,2021-09-11,1981-02-15
336,Shoshanna,Lum,slum9b@theglobeandmail.com,Bigender,2021-07-31,1994-03-02
337,Mickie,Bernette,mbernette9c@nih.gov,Male,2021-04-09,1988-11-05
338,Edan,Hales,ehales9d@hostgator.com,Agender,2021-03-08,1999-05-16
339,Archibold,Galia,agalia9e@51.la,Male,2021-11-14,1982-01-20
340,North,Musson,nmusson9f@artisteer.com,Genderfluid,2021-07-23,1996-01-22
341,Thadeus,Sommerscales,tsommerscales9g@sohu.com,Non-binary,2021-09-08,1981-03-12
342,Rodolph,Presswell,rpresswell9h@whitehouse.gov,Bigender,2021-10-29,1980-08-20
343,Serge,Burker,sburker9i@mediafire.com,Polygender,2020-12-27,1997-09-04
344,Wynn,Risebarer,wrisebarer9j@statcounter.com,Female,2021-09-13,1982-10-14
345,Gerty,Brandino,gbrandino9k@github.com,Polygender,2021-01-23,1987-07-29
346,Edd,Roycraft,eroycraft9l@tripod.com,Genderqueer,2021-05-20,1997-04-20
347,Gerti,Jindrak,gjindrak9m@ovh.net,Female,2021-10-31,1984-05-03
348,Urban,Beamond,ubeamond9n@mapquest.com,Polygender,2021-10-01,1995-09-20
349,Tarrah,Vail,tvail9o@virginia.edu,Female,2021-01-16,1998-09-29
350,Monte,Boffin,mboffin9p@narod.ru,Non-binary,2021-06-22,1994-11-11
351,Carolee,Wigmore,cwigmore9q@mtv.com,Female,2021-05-01,1996-11-09
352,Augustina,Gaythor,agaythor9r@opensource.org,Bigender,2021-11-15,1987-06-14
353,Yelena,Huske,yhuske9s@nba.com,Genderqueer,2021-07-17,1990-03-30
354,Sheeree,Elvy,selvy9t@wsj.com,Agender,2021-07-24,1987-06-27
355,Konstanze,Tinham,ktinham9u@about.me,Non-binary,2021-08-22,1994-05-23
356,Jessika,Berrecloth,jberrecloth9v@wp.com,Agender,2021-07-01,1994-10-18
357,Danyette,Ades,dades9w@joomla.org,Bigender,2021-07-06,1981-01-28
358,Odelia,Scarlet,oscarlet9x@blogs.com,Genderfluid,2021-08-18,1997-08-29
359,Kevin,McAvin,kmcavin9y@altervista.org,Genderfluid,2021-03-23,1990-09-06
360,Steffie,Speck,sspeck9z@webnode.com,Male,2021-10-20,1992-08-28
361,Nollie,Goudie,ngoudiea0@narod.ru,Bigender,2021-03-03,1999-07-14
362,Anatole,Burditt,aburditta1@t.co,Male,2021-09-23,1992-05-09
363,Bobette,McAlinden,bmcalindena2@sourceforge.net,Non-binary,2021-09-21,1983-05-09
364,Nickie,Jarman,njarmana3@cornell.edu,Non-binary,2021-09-20,1980-10-27
365,Cris,Gregor,cgregora4@howstuffworks.com,Agender,2021-05-15,1988-11-04
366,Odo,Brydell,obrydella5@vimeo.com,Genderfluid,2021-03-23,1987-03-13
367,Danila,Crothers,dcrothersa6@slashdot.org,Female,2021-07-22,1997-06-09
368,Thomasina,Lawden,tlawdena7@gmpg.org,Female,2020-12-13,1983-11-04
369,Ann,Sturdgess,asturdgessa8@issuu.com,Agender,2021-08-07,1988-12-01
370,Ethelin,Do,edoa9@biglobe.ne.jp,Polygender,2020-12-13,1988-04-13
371,Roslyn,Cranham,rcranhamaa@bing.com,Non-binary,2021-06-17,1989-07-22
372,Sinclair,Atcheson,satchesonab@usa.gov,Bigender,2021-02-01,1998-12-11
373,Earl,Bulluck,ebulluckac@ca.gov,Genderqueer,2021-04-04,1996-05-31
374,Emmet,Goldman,egoldmanad@merriam-webster.com,Female,2021-10-03,1989-11-05
375,Rudyard,Grimbleby,rgrimblebyae@amazonaws.com,Genderfluid,2021-08-23,1990-10-04
376,Phillis,Endricci,pendricciaf@ovh.net,Polygender,2021-08-03,1983-11-06
377,Abby,Lyddiatt,alyddiattag@google.co.jp,Non-binary,2021-08-06,1996-08-22
378,Elenore,Matushevitz,ematushevitzah@indiatimes.com,Female,2021-01-16,1985-06-10
379,Selma,Ridpath,sridpathai@disqus.com,Agender,2021-03-24,1996-07-25
380,Marlon,Syvret,msyvretaj@hibu.com,Genderfluid,2021-04-18,1993-01-25
381,Randy,Jubert,rjubertak@stumbleupon.com,Agender,2021-06-22,1993-11-02
382,Celesta,Fley,cfleyal@ning.com,Polygender,2021-03-14,1993-01-22
383,Gabe,Grimolbie,ggrimolbieam@tripadvisor.com,Bigender,2021-10-06,1987-06-02
384,Marie,Wrotham,mwrothaman@squidoo.com,Agender,2021-07-07,1996-01-12
385,Josephina,Lum,jlumao@sbwire.com,Agender,2021-04-02,1990-03-03
386,Randie,Asipenko,rasipenkoap@microsoft.com,Male,2021-09-11,1980-02-21
387,Aurilia,Piffe,apiffeaq@usatoday.com,Agender,2021-04-19,1986-02-16
388,Doy,Digweed,ddigweedar@businessweek.com,Male,2021-03-04,1992-02-22
389,Silvie,Riggoll,sriggollas@amazon.co.uk,Genderfluid,2021-01-29,1991-09-17
390,Cynthia,Ashbolt,cashboltat@slate.com,Bigender,2021-08-16,1994-03-25
391,Lock,Vertey,lverteyau@jimdo.com,Agender,2021-03-01,1990-04-11
392,Alene,Aloshechkin,aaloshechkinav@businessinsider.com,Genderfluid,2021-07-11,1996-11-11
393,Siouxie,Edmott,sedmottaw@pen.io,Genderqueer,2021-08-22,1995-04-20
394,Jacynth,Melling,jmellingax@hhs.gov,Genderfluid,2021-05-31,1998-05-24
395,Robin,Deaconson,rdeaconsonay@cisco.com,Agender,2021-06-14,1986-06-11
396,Jacquette,Coffin,jcoffinaz@icio.us,Agender,2021-01-02,1985-02-14
397,Quintilla,Tizard,qtizardb0@wordpress.com,Non-binary,2021-08-14,1993-03-16
398,Barr,Vasnetsov,bvasnetsovb1@nbcnews.com,Polygender,2021-07-29,1997-01-23
399,Orly,Rugiero,orugierob2@clickbank.net,Genderqueer,2021-07-07,1990-07-24
400,Nanice,Jankiewicz,njankiewiczb3@wired.com,Agender,2021-10-26,1985-08-06
401,Dania,Kattenhorn,dkattenhornb4@cargocollective.com,Bigender,2021-05-01,1992-08-09
402,Patrizia,Whitley,pwhitleyb5@chicagotribune.com,Genderfluid,2021-03-05,1993-01-16
403,Tye,Grosvener,tgrosvenerb6@smugmug.com,Bigender,2021-08-21,1985-06-29
404,Cally,Hugueville,chuguevilleb7@howstuffworks.com,Bigender,2021-03-06,1982-04-12
405,Salmon,McKeon,smckeonb8@jiathis.com,Genderfluid,2020-12-27,1981-03-08
406,Darbee,Challens,dchallensb9@devhub.com,Polygender,2021-06-01,1990-07-08
407,Hamlen,Bordone,hbordoneba@newyorker.com,Polygender,2021-11-16,1987-09-22
408,Kerk,Batcock,kbatcockbb@statcounter.com,Bigender,2021-09-14,1993-04-11
409,Kayne,Petric,kpetricbc@reddit.com,Bigender,2021-08-14,1981-08-07
410,Willyt,Stollenwerck,wstollenwerckbd@japanpost.jp,Bigender,2021-07-27,1982-04-14
411,Trenton,Emilien,temilienbe@t.co,Bigender,2021-03-25,1982-06-24
412,Paxon,Trank,ptrankbf@nationalgeographic.com,Female,2021-10-09,1996-01-02
413,Taylor,Oldroyde,toldroydebg@oaic.gov.au,Bigender,2021-02-07,1991-11-16
414,Winslow,Wetherald,wwetheraldbh@live.com,Genderqueer,2021-10-07,1984-05-12
415,Adrienne,Gorgen,agorgenbi@meetup.com,Genderqueer,2021-04-12,1983-07-25
416,Bernie,Aizikovich,baizikovichbj@squarespace.com,Female,2021-01-08,1996-05-30
417,Elli,Berick,eberickbk@netscape.com,Polygender,2021-04-14,1987-09-26
418,Hale,Delucia,hdeluciabl@examiner.com,Polygender,2021-08-18,1991-04-14
419,Willette,Costy,wcostybm@sbwire.com,Genderqueer,2021-07-01,1988-11-18
420,Shawn,Wanklin,swanklinbn@dyndns.org,Bigender,2021-08-21,1980-05-03
421,Loleta,Labden,llabdenbo@newyorker.com,Agender,2021-11-21,1982-12-02
422,Samantha,Andor,sandorbp@go.com,Female,2021-04-14,1991-02-26
423,Reina,Blatchford,rblatchfordbq@weibo.com,Polygender,2021-08-04,1992-05-07
424,Sharl,Gianneschi,sgianneschibr@nasa.gov,Genderfluid,2021-02-11,1994-10-03
425,Juana,Husset,jhussetbs@123-reg.co.uk,Non-binary,2021-01-22,1998-02-25
426,Lilias,Bastistini,lbastistinibt@ocn.ne.jp,Genderqueer,2021-09-22,1998-08-01
427,Rudy,Udie,rudiebu@mail.ru,Male,2021-11-13,1988-11-26
428,Armando,MacAindreis,amacaindreisbv@blogs.com,Male,2021-10-02,1986-06-30
429,Cathy,Quene,cquenebw@geocities.jp,Bigender,2021-04-16,1998-11-10
430,Norton,Puncher,npuncherbx@geocities.jp,Non-binary,2021-06-23,1997-09-11
431,Lura,Smythe,lsmytheby@webmd.com,Agender,2020-12-29,1999-06-06
432,Reinwald,Torfin,rtorfinbz@foxnews.com,Non-binary,2021-02-11,1984-04-28
433,Yovonnda,Pregel,ypregelc0@purevolume.com,Female,2021-06-15,1983-12-31
434,Daphne,Perrottet,dperrottetc1@nature.com,Bigender,2021-03-03,1980-07-18
435,Nedda,Blueman,nbluemanc2@deliciousdays.com,Agender,2021-03-23,1985-08-30
436,Blake,Azam,bazamc3@behance.net,Bigender,2021-09-11,1987-08-16
437,Mirabelle,Lambin,mlambinc4@hugedomains.com,Genderqueer,2020-12-11,1986-10-29
438,Giustina,Stothart,gstothartc5@google.com.br,Genderqueer,2021-08-21,1996-05-26
439,Park,Whatley,pwhatleyc6@deliciousdays.com,Genderqueer,2021-03-18,1981-12-24
440,Shana,Swires,sswiresc7@lulu.com,Polygender,2021-01-31,1994-12-24
441,Ardath,Wiggall,awiggallc8@tuttocitta.it,Genderfluid,2021-07-17,1995-02-25
442,Foster,Lamming,flammingc9@cisco.com,Male,2021-04-28,1996-12-29
443,Lena,MacMeekan,lmacmeekanca@youtube.com,Genderfluid,2021-09-01,1986-06-20
444,Clive,Lampl,clamplcb@disqus.com,Non-binary,2021-04-11,1983-04-15
445,Alan,Glinde,aglindecc@canalblog.com,Genderfluid,2021-03-17,1997-03-20
446,Cathyleen,Wilder,cwildercd@ovh.net,Bigender,2021-09-19,1982-06-26
447,Lorenzo,Brandt,lbrandtce@acquirethisname.com,Female,2021-08-15,1986-01-22
448,Lanna,Vahl,lvahlcf@cbslocal.com,Genderqueer,2021-04-05,1998-01-05
449,Jorie,Tousy,jtousycg@biglobe.ne.jp,Bigender,2021-05-11,1996-02-06
450,Krista,Rispine,krispinech@apache.org,Genderqueer,2021-01-19,1980-09-25
451,Mada,Szwarc,mszwarcci@123-reg.co.uk,Genderqueer,2021-11-26,1995-08-12
452,Luke,Deer,ldeercj@seattletimes.com,Genderfluid,2021-06-25,1981-08-04
453,Micheal,Haryngton,mharyngtonck@flavors.me,Non-binary,2021-08-29,1983-05-10
454,Derward,Leatherland,dleatherlandcl@goo.ne.jp,Genderfluid,2021-11-07,1983-10-15
455,Cassi,Carverhill,ccarverhillcm@vimeo.com,Genderfluid,2021-02-28,1980-10-10
456,Beret,Otham,bothamcn@ocn.ne.jp,Female,2021-04-22,1985-02-12
457,Shurlock,Ligerton,sligertonco@canalblog.com,Polygender,2021-04-23,1980-11-30
458,Goober,Samarth,gsamarthcp@utexas.edu,Non-binary,2021-05-06,1998-04-15
459,Wendeline,Butteris,wbutteriscq@netscape.com,Female,2021-09-25,1995-10-24
460,Fernanda,Pau,fpaucr@topsy.com,Agender,2021-06-08,1990-12-02
461,Phelia,Filoniere,pfilonierecs@tinypic.com,Polygender,2021-06-29,1993-06-14
462,Hercule,Beckhurst,hbeckhurstct@who.int,Genderfluid,2021-01-11,1987-11-17
463,Mariejeanne,Cosgrove,mcosgrovecu@slate.com,Male,2021-09-04,1987-09-29
464,Mia,Angliss,manglisscv@tmall.com,Male,2021-03-04,1981-01-21
465,Brantley,Sulter,bsultercw@google.co.jp,Polygender,2021-01-25,1991-11-18
466,Ag,Kennon,akennoncx@reuters.com,Genderfluid,2021-02-02,1986-02-23
467,Bellina,Hazeup,bhazeupcy@archive.org,Bigender,2021-03-09,1996-07-12
468,Addia,McCarty,amccartycz@meetup.com,Male,2021-09-07,1984-03-08
469,Andree,Gerhts,agerhtsd0@hubpages.com,Non-binary,2020-12-01,1983-12-20
470,Casar,Cay,ccayd1@aboutads.info,Bigender,2021-06-17,1981-04-11
471,Leland,Walkington,lwalkingtond2@sciencedaily.com,Agender,2021-09-24,1981-09-12
472,Romona,Cristofano,rcristofanod3@infoseek.co.jp,Polygender,2021-03-03,1993-05-06
473,Ave,Murthwaite,amurthwaited4@deliciousdays.com,Non-binary,2020-12-05,1996-03-15
474,Bill,McGiven,bmcgivend5@shutterfly.com,Agender,2021-02-04,1992-02-04
475,Stace,Vassar,svassard6@theguardian.com,Female,2021-04-08,1997-12-04
476,Issie,Conrard,iconrardd7@fc2.com,Genderqueer,2020-12-07,1995-09-14
477,Ansell,Cornfoot,acornfootd8@joomla.org,Polygender,2021-05-12,1994-05-19
478,Brodie,Berrygun,bberrygund9@hc360.com,Genderfluid,2021-01-23,1999-08-11
479,Laurel,Patsall,lpatsallda@imageshack.us,Genderfluid,2021-04-21,1993-05-07
480,Yank,Lopez,ylopezdb@sourceforge.net,Polygender,2021-02-14,1985-12-13
481,Nessa,Sogg,nsoggdc@noaa.gov,Genderqueer,2021-07-13,1982-05-20
482,Alvinia,Stebbins,astebbinsdd@shinystat.com,Agender,2021-09-17,1985-02-08
483,Delmar,Beckinsall,dbeckinsallde@trellian.com,Agender,2021-08-17,1989-05-18
484,Kale,La Batie,klabatiedf@artisteer.com,Polygender,2021-06-09,1986-05-20
485,Livvyy,Jouanet,ljouanetdg@youku.com,Female,2021-05-25,1997-02-12
486,Sandra,Beteriss,sbeterissdh@wiley.com,Non-binary,2021-01-16,1980-07-09
487,Evangelina,Eisikowitch,eeisikowitchdi@mashable.com,Polygender,2021-10-26,1998-04-17
488,Grenville,Savell,gsavelldj@ezinearticles.com,Male,2020-12-14,1986-04-17
489,Imelda,Gerritzen,igerritzendk@google.it,Agender,2021-08-01,1989-09-24
490,Gina,Liepmann,gliepmanndl@hp.com,Genderqueer,2021-05-11,1980-10-22
491,Deni,Sewley,dsewleydm@meetup.com,Genderqueer,2021-08-15,1996-03-29
492,Hewet,McCulley,hmcculleydn@flavors.me,Genderfluid,2021-03-30,1986-11-07
493,Nara,Nials,nnialsdo@huffingtonpost.com,Female,2021-02-20,1982-08-18
494,Sophia,Woolaston,swoolastondp@ibm.com,Genderfluid,2021-05-14,1983-10-25
495,Aridatha,Borsnall,aborsnalldq@netlog.com,Non-binary,2020-11-30,1993-07-30
496,Quinton,Ziems,qziemsdr@plala.or.jp,Male,2021-11-03,1998-07-19
497,Georgy,Engledow,gengledowds@bloglines.com,Non-binary,2021-04-17,1997-06-20
498,Buddy,Rameaux,brameauxdt@myspace.com,Male,2021-01-08,1992-05-25
499,Rafaelita,Carmont,rcarmontdu@bravesites.com,Female,2021-08-14,1987-05-08
500,Dodie,MacBarron,dmacbarrondv@eepurl.com,Polygender,2021-02-07,1981-04-28
501,Paddie,Carlsen,pcarlsendw@reference.com,Non-binary,2021-01-15,1995-01-23
502,Kleon,MacVaugh,kmacvaughdx@jiathis.com,Bigender,2021-11-05,1996-12-29
503,Emelen,Nelane,enelanedy@upenn.edu,Agender,2021-09-06,1994-06-09
504,Ania,Floyde,afloydedz@list-manage.com,Female,2021-08-04,1989-12-22
505,Marchall,Hourahan,mhourahane0@google.es,Genderfluid,2021-03-04,1992-01-27
506,Myrilla,Aleavy,maleavye1@sakura.ne.jp,Genderqueer,2020-12-16,1998-12-22
507,Hastings,Thunnercliff,hthunnercliffe2@google.fr,Polygender,2021-03-16,1987-01-16
508,Sergeant,Gors,sgorse3@ovh.net,Male,2020-12-23,1986-09-25
509,Annabel,Verecker,avereckere4@blogs.com,Non-binary,2020-12-05,1981-06-08
510,Hortensia,Janssens,hjanssense5@linkedin.com,Genderfluid,2021-05-04,1981-02-15
511,Reed,Rubinfeld,rrubinfelde6@acquirethisname.com,Genderfluid,2020-12-04,1986-10-10
512,Wash,Dilley,wdilleye7@mlb.com,Genderfluid,2021-07-29,1980-10-21
513,Elke,Sterland,esterlande8@furl.net,Female,2021-08-07,1987-01-02
514,Maggy,Twohig,mtwohige9@163.com,Male,2021-11-07,1995-09-27
515,Giffard,Davage,gdavageea@ftc.gov,Polygender,2021-11-22,1986-09-23
516,Lonee,Roskams,lroskamseb@addthis.com,Polygender,2021-06-23,1995-08-12
517,Zacherie,Eggleton,zeggletonec@google.ca,Genderfluid,2021-10-30,1988-06-06
518,Estelle,Duddy,eduddyed@clickbank.net,Genderfluid,2021-03-01,1988-06-27
519,Eolanda,Bowle,ebowleee@ovh.net,Non-binary,2021-07-17,1987-04-20
520,Martie,Jagels,mjagelsef@oaic.gov.au,Male,2021-10-25,1989-03-07
521,Sigmund,Cordier,scordiereg@dropbox.com,Genderfluid,2021-05-18,1993-12-13
522,Gaynor,Zanini,gzaninieh@geocities.jp,Agender,2021-08-13,1995-10-11
523,Quinn,Wardall,qwardallei@amazon.de,Non-binary,2021-11-19,1998-11-12
524,Trudi,Jadczak,tjadczakej@dmoz.org,Bigender,2021-04-08,1991-03-26
525,Ozzy,McKie,omckieek@github.io,Polygender,2021-04-22,1992-09-30
526,Luis,Corthes,lcorthesel@nsw.gov.au,Agender,2021-05-03,1993-10-20
527,Hew,Strapp,hstrappem@dot.gov,Male,2021-10-29,1994-11-24
528,Emory,Pierse,epierseen@theglobeandmail.com,Genderfluid,2021-04-03,1980-09-06
529,Ebonee,Gilsthorpe,egilsthorpeeo@netvibes.com,Genderfluid,2021-08-14,1980-02-16
530,Godfry,Medley,gmedleyep@woothemes.com,Female,2021-02-13,1999-01-16
531,Sibeal,Bonifacio,sbonifacioeq@squidoo.com,Genderqueer,2021-07-20,1981-09-23
532,Harri,Swaton,hswatoner@w3.org,Bigender,2021-02-13,1995-01-17
533,Franklyn,Ugolotti,fugolotties@delicious.com,Genderqueer,2021-05-16,1980-12-10
534,Ibrahim,Plain,iplainet@list-manage.com,Male,2021-11-18,1983-01-04
535,Egbert,Faire,efaireeu@fc2.com,Male,2021-07-10,1993-02-06
536,Hedvig,Noot,hnootev@wikia.com,Male,2021-09-29,1980-10-16
537,Carlen,Denys,cdenysew@last.fm,Agender,2021-10-22,1998-08-11
538,Verile,Arnaldi,varnaldiex@illinois.edu,Bigender,2021-08-14,1998-08-04
539,Shirleen,Strike,sstrikeey@sbwire.com,Bigender,2021-02-23,1983-05-12
540,Nathalia,St. Aubyn,nstaubynez@aol.com,Polygender,2021-06-09,1989-10-05
541,Vikky,Welband,vwelbandf0@google.com.hk,Genderfluid,2021-07-25,1981-09-23
542,Hershel,Marczyk,hmarczykf1@scribd.com,Female,2021-03-05,1995-01-03
543,Christoforo,Arro,carrof2@clickbank.net,Female,2020-12-14,1986-06-06
544,Bride,Battell,bbattellf3@ow.ly,Female,2021-01-31,1982-09-17
545,Ekaterina,Diggell,ediggellf4@illinois.edu,Female,2021-08-14,1988-05-02
546,Ariel,Norcott,anorcottf5@craigslist.org,Female,2021-01-03,1982-07-11
547,Bellina,Pickervance,bpickervancef6@altervista.org,Genderqueer,2020-12-22,1994-06-08
548,Kriste,Krauze,kkrauzef7@booking.com,Agender,2020-12-17,1993-04-07
549,Elsi,Adderson,eaddersonf8@soundcloud.com,Male,2021-05-05,1983-06-21
550,Traci,Shutler,tshutlerf9@discovery.com,Genderfluid,2021-07-07,1983-06-04
551,Niki,Brickell,nbrickellfa@plala.or.jp,Genderqueer,2021-06-21,1996-01-29
552,Marilin,Offen,moffenfb@dropbox.com,Genderfluid,2021-09-02,1988-02-27
553,Hedvige,Woollett,hwoollettfc@ca.gov,Non-binary,2021-09-28,1993-03-30
554,Ki,Casine,kcasinefd@comsenz.com,Non-binary,2021-05-27,1997-07-05
555,Kellyann,Esselin,kesselinfe@spiegel.de,Genderfluid,2021-07-01,1995-02-04
556,Kaylee,Mouth,kmouthff@toplist.cz,Genderqueer,2021-08-09,1989-07-26
557,Maxie,Ajean,majeanfg@ustream.tv,Polygender,2021-11-26,1999-09-04
558,Helge,Carder,hcarderfh@cargocollective.com,Male,2021-05-26,1996-04-24
559,Seka,Mosten,smostenfi@drupal.org,Male,2021-09-07,1987-05-19
560,Idell,Dirand,idirandfj@nifty.com,Female,2021-02-27,1996-10-17
561,Editha,Albrook,ealbrookfk@qq.com,Genderfluid,2021-02-28,1986-05-06
562,Filide,Aitcheson,faitchesonfl@facebook.com,Agender,2021-06-12,1997-06-18
563,Mariel,Hain,mhainfm@google.cn,Female,2021-10-18,1990-02-27
564,Datha,Brakespear,dbrakespearfn@wikimedia.org,Agender,2021-10-26,1984-06-23
565,Nerta,Romke,nromkefo@unblog.fr,Genderqueer,2021-08-23,1983-10-21
566,Suzi,Leaver,sleaverfp@pcworld.com,Genderfluid,2021-07-28,1991-11-29
567,Arleyne,Danick,adanickfq@home.pl,Male,2020-12-11,1991-06-06
568,Stanford,Boriston,sboristonfr@usa.gov,Female,2021-07-13,1986-02-03
569,Vivianna,Flaverty,vflavertyfs@multiply.com,Agender,2021-09-04,1994-05-13
570,Alana,Negro,anegroft@pinterest.com,Female,2021-05-05,1983-12-19
571,Yolande,Trimble,ytrimblefu@china.com.cn,Male,2021-11-17,1994-07-10
572,Pascale,Iredell,piredellfv@yahoo.co.jp,Polygender,2021-08-29,1985-01-19
573,Stavros,Naisbit,snaisbitfw@tamu.edu,Non-binary,2021-08-24,1993-10-20
574,Merrili,Decayette,mdecayettefx@globo.com,Bigender,2021-10-27,1997-02-16
575,Caralie,Skures,cskuresfy@ask.com,Genderqueer,2020-12-31,1998-02-05
576,Junina,Chene,jchenefz@dailymotion.com,Bigender,2021-03-05,1996-09-25
577,Tiffy,Ludwikiewicz,tludwikiewiczg0@goo.gl,Bigender,2020-12-31,1996-07-30
578,Daniella,Meekins,dmeekinsg1@github.com,Agender,2021-10-22,1986-05-09
579,Robbyn,Cashin,rcashing2@blogs.com,Non-binary,2021-06-28,1999-08-17
580,Luise,Grayley,lgrayleyg3@networkadvertising.org,Agender,2020-12-29,1986-01-17
581,Robbyn,Orto,rortog4@tinypic.com,Bigender,2021-07-16,1994-10-12
582,Alistair,Tremblay,atremblayg5@flickr.com,Male,2021-03-26,1987-09-11
583,Joey,Botterell,jbotterellg6@google.co.jp,Agender,2021-07-16,1994-08-25
584,Denice,Martinolli,dmartinollig7@psu.edu,Male,2021-05-10,1993-04-18
585,Ogden,Prangle,oprangleg8@huffingtonpost.com,Genderqueer,2021-08-25,1987-07-01
586,Yettie,Cleiment,ycleimentg9@businessweek.com,Polygender,2021-09-03,1999-12-24
587,Billy,Winders,bwindersga@hc360.com,Female,2021-01-21,1980-03-05
588,Amber,Marval,amarvalgb@ca.gov,Polygender,2021-10-12,1996-09-09
589,Dorothee,Hyde-Chambers,dhydechambersgc@stumbleupon.com,Non-binary,2021-01-24,1989-02-24
590,Graig,Skerman,gskermangd@homestead.com,Female,2021-03-20,1998-07-13
591,Morty,Galey,mgaleyge@weebly.com,Polygender,2021-11-05,1982-08-13
592,Lanni,Osinin,losiningf@desdev.cn,Female,2021-06-21,1986-05-19
593,Lois,Collibear,lcollibeargg@ustream.tv,Agender,2020-12-28,1984-05-27
594,Christoforo,Rogez,crogezgh@fc2.com,Genderqueer,2020-12-20,1994-02-28
595,Amble,Otley,aotleygi@nps.gov,Female,2021-05-23,1998-04-13
596,Shae,Antonomolii,santonomoliigj@loc.gov,Non-binary,2021-01-15,1998-12-29
597,Rebecca,Togwell,rtogwellgk@sohu.com,Genderfluid,2020-12-25,1996-05-23
598,Jessika,Bisgrove,jbisgrovegl@thetimes.co.uk,Non-binary,2020-12-11,1988-01-13
599,Sheryl,Paule,spaulegm@about.com,Non-binary,2021-05-18,1989-05-09
600,Prinz,Nation,pnationgn@sogou.com,Genderfluid,2021-01-09,1986-05-31
601,Jessy,Hemerijk,jhemerijkgo@weebly.com,Polygender,2021-02-26,1991-03-19
602,Joleen,Winkworth,jwinkworthgp@reuters.com,Male,2021-02-19,1986-01-24
603,Lotte,Dunhill,ldunhillgq@facebook.com,Genderqueer,2021-03-28,1986-11-30
604,Berkley,Grono,bgronogr@flavors.me,Genderfluid,2020-11-29,1986-09-17
605,Thomas,Tree,ttreegs@yahoo.com,Female,2021-08-23,1990-09-18
606,Estrellita,Pesic,epesicgt@bbc.co.uk,Male,2021-01-11,1999-09-23
607,Thacher,Baldacchi,tbaldacchigu@free.fr,Agender,2021-08-11,1984-03-19
608,Ted,Marcham,tmarchamgv@whitehouse.gov,Genderqueer,2021-05-14,1987-02-25
609,Emogene,Fisbey,efisbeygw@hhs.gov,Polygender,2021-02-25,1999-10-18
610,Stephanus,Scarre,sscarregx@tripod.com,Polygender,2021-07-07,1987-07-07
611,Isidro,Sidaway,isidawaygy@chron.com,Agender,2020-12-17,1994-03-19
612,Brigg,Dumper,bdumpergz@senate.gov,Polygender,2021-05-20,1997-03-05
613,Margarete,McFarland,mmcfarlandh0@xing.com,Non-binary,2021-06-10,1980-11-14
614,Ev,Noury,enouryh1@mapquest.com,Female,2021-04-13,1990-01-25
615,Fred,Gellion,fgellionh2@sitemeter.com,Non-binary,2021-11-04,1994-02-07
616,Brenden,Gehrts,bgehrtsh3@ocn.ne.jp,Agender,2021-01-21,1998-11-03
617,Wat,Pally,wpallyh4@nih.gov,Bigender,2021-02-22,1990-03-29
618,Janaye,Lainge,jlaingeh5@ox.ac.uk,Female,2021-08-25,1997-02-02
619,Felice,Rohmer,frohmerh6@vkontakte.ru,Bigender,2020-12-01,1991-09-02
620,Augusto,Antusch,aantuschh7@theatlantic.com,Genderfluid,2020-12-13,1996-11-20
621,Michelle,Causey,mcauseyh8@sitemeter.com,Genderqueer,2021-10-26,1982-09-09
622,Windham,Legges,wleggesh9@patch.com,Genderfluid,2021-08-28,1992-12-17
623,Sam,Filippo,sfilippoha@spiegel.de,Polygender,2021-03-18,1994-07-21
624,Lind,Schaffel,lschaffelhb@prweb.com,Genderfluid,2021-02-21,1980-03-18
625,Dukie,Pyke,dpykehc@smh.com.au,Genderqueer,2020-12-31,1993-02-02
626,Guillemette,Pittem,gpittemhd@nationalgeographic.com,Polygender,2021-08-02,1985-04-01
627,Dimitry,Empson,dempsonhe@t.co,Bigender,2021-05-08,1987-06-11
628,Aile,Foyster,afoysterhf@alexa.com,Genderqueer,2021-07-11,1991-01-28
629,Talbot,Fright,tfrighthg@indiatimes.com,Genderfluid,2021-01-02,1981-01-22
630,Margarete,Cordeau,mcordeauhh@latimes.com,Non-binary,2021-05-27,1999-02-11
631,Denis,Buckeridge,dbuckeridgehi@reddit.com,Male,2020-12-03,1993-01-23
632,Jolee,Hitzschke,jhitzschkehj@yale.edu,Genderqueer,2021-09-28,1980-06-18
633,Poppy,Chalder,pchalderhk@dion.ne.jp,Genderqueer,2021-06-13,1985-06-12
634,Mohandis,Depport,mdepporthl@sciencedaily.com,Polygender,2021-10-09,1981-07-12
635,Carlina,Rosenblatt,crosenblatthm@bloglovin.com,Female,2021-03-07,1997-06-19
636,Wain,Kerrod,wkerrodhn@oracle.com,Agender,2021-06-17,1990-01-06
637,Dannie,Overill,doverillho@youtu.be,Genderfluid,2021-02-09,1984-06-27
638,Ranique,Blondel,rblondelhp@purevolume.com,Female,2021-03-29,1988-01-14
639,Florian,Blazek,fblazekhq@weather.com,Female,2021-01-01,1982-07-09
640,Sig,Southouse,ssouthousehr@answers.com,Agender,2021-10-16,1996-04-12
641,Aleece,Fladgate,afladgatehs@360.cn,Bigender,2021-04-08,1997-02-15
642,Dario,Gillicuddy,dgillicuddyht@technorati.com,Genderfluid,2021-08-23,1982-12-03
643,Ailsun,Thominga,athomingahu@unicef.org,Non-binary,2021-07-13,1992-03-18
644,Ade,Kemmish,akemmishhv@economist.com,Male,2021-07-22,1980-12-02
645,Amata,Works,aworkshw@smugmug.com,Male,2021-09-22,1998-03-15
646,Abrahan,Fairbrass,afairbrasshx@dmoz.org,Agender,2021-03-06,1981-01-27
647,Gris,Benazet,gbenazethy@time.com,Female,2021-08-19,1999-10-19
648,Lesli,Tames,ltameshz@psu.edu,Genderfluid,2021-03-07,1995-03-21
649,Ellen,Gascoigne,egascoignei0@soup.io,Non-binary,2021-09-25,1980-02-18
650,Calla,Greenacre,cgreenacrei1@networksolutions.com,Genderfluid,2021-01-21,1991-01-14
651,Ardene,Boyson,aboysoni2@microsoft.com,Agender,2021-09-01,1981-04-10
652,Stephanus,Emmatt,semmatti3@va.gov,Female,2021-05-13,1980-10-09
653,Rudyard,Wilbore,rwilborei4@umich.edu,Polygender,2021-04-11,1998-03-15
654,Cathryn,Januszewski,cjanuszewskii5@cargocollective.com,Bigender,2021-03-15,1992-12-30
655,Anton,Sandland,asandlandi6@tinypic.com,Non-binary,2021-02-19,1988-09-05
656,Anabelle,Hicken,ahickeni7@mlb.com,Genderqueer,2020-12-26,1987-08-02
657,Devondra,Twydell,dtwydelli8@prweb.com,Polygender,2021-02-12,1990-07-12
658,Aristotle,Soall,asoalli9@simplemachines.org,Bigender,2021-08-16,1996-04-08
659,Tanner,Mersh,tmershia@howstuffworks.com,Non-binary,2021-06-10,1992-04-13
660,Carlie,Hesser,chesserib@nasa.gov,Male,2021-09-03,1981-08-21
661,Raphaela,Mechan,rmechanic@about.me,Genderfluid,2020-12-07,1995-02-13
662,Coraline,Burgett,cburgettid@netvibes.com,Genderqueer,2021-11-03,1983-06-14
663,Davine,Skaid,dskaidie@unblog.fr,Polygender,2021-09-11,1988-07-30
664,Kristofor,Bresland,kbreslandif@technorati.com,Bigender,2021-01-16,1983-10-28
665,Neville,Pinfold,npinfoldig@nytimes.com,Female,2021-07-02,1980-05-11
666,Rubia,Paylie,rpaylieih@rambler.ru,Male,2021-10-11,1983-01-27
667,Mort,Commings,mcommingsii@sciencedaily.com,Agender,2021-06-18,1985-12-25
668,Giuditta,Degoix,gdegoixij@so-net.ne.jp,Bigender,2021-11-28,1994-02-16
669,Elfrieda,Bolsteridge,ebolsteridgeik@princeton.edu,Genderqueer,2021-10-30,1992-04-23
670,Jozef,Northgraves,jnorthgravesil@google.com.hk,Bigender,2021-11-14,1997-07-02
671,Sasha,Baffin,sbaffinim@technorati.com,Non-binary,2021-06-24,1994-05-11
672,Rustie,Coleborn,rcolebornin@dedecms.com,Genderfluid,2021-02-20,1983-09-29
673,Julina,Danielsky,jdanielskyio@accuweather.com,Agender,2021-03-15,1995-12-12
674,Neddie,Cavanagh,ncavanaghip@forbes.com,Genderqueer,2021-09-30,1992-03-24
675,Beltran,Culpan,bculpaniq@topsy.com,Agender,2021-03-24,1996-09-07
676,Ellynn,Pues,epuesir@shop-pro.jp,Female,2021-10-24,1996-04-29
677,Bevan,Deery,bdeeryis@comsenz.com,Female,2021-04-09,1991-04-02
678,Annabela,Milton,amiltonit@newyorker.com,Genderqueer,2021-01-16,1986-09-23
679,Solomon,McCullough,smcculloughiu@unesco.org,Bigender,2021-02-16,1992-03-10
680,Herbie,Catterell,hcatterelliv@china.com.cn,Bigender,2021-08-08,1988-08-16
681,Silvana,Dunmore,sdunmoreiw@tripod.com,Male,2021-01-18,1988-07-19
682,Annamarie,Sego,asegoix@51.la,Polygender,2020-12-22,1996-03-24
683,Wade,Bultitude,wbultitudeiy@gravatar.com,Polygender,2021-04-02,1992-09-21
684,Sherman,Botright,sbotrightiz@marketwatch.com,Female,2021-11-13,1984-02-14
685,Hilarius,Swann,hswannj0@youku.com,Female,2021-01-25,1994-11-17
686,Darrin,Wodeland,dwodelandj1@dot.gov,Bigender,2021-04-05,1983-08-21
687,Fredrick,Treker,ftrekerj2@guardian.co.uk,Bigender,2021-11-02,1990-06-02
688,Richie,Alenov,ralenovj3@sogou.com,Male,2021-09-09,1992-11-20
689,Valry,Giorgielli,vgiorgiellij4@admin.ch,Bigender,2021-07-10,1985-11-20
690,Cesaro,Prynne,cprynnej5@ebay.co.uk,Female,2020-12-29,1984-07-22
691,Carr,Tomaini,ctomainij6@trellian.com,Polygender,2021-02-24,1988-07-28
692,Neville,Danson,ndansonj7@topsy.com,Genderfluid,2021-05-26,1993-01-30
693,Sauncho,Coltman,scoltmanj8@seesaa.net,Genderfluid,2021-11-12,1998-12-06
694,Marcella,Douch,mdouchj9@tiny.cc,Male,2021-04-25,1994-02-24
695,Godfree,Morecomb,gmorecombja@abc.net.au,Agender,2021-05-31,1987-05-16
696,Harbert,Peacock,hpeacockjb@webeden.co.uk,Polygender,2021-01-24,1999-12-23
697,Dorian,Rijkeseis,drijkeseisjc@ebay.co.uk,Agender,2020-12-27,1996-05-15
698,Alexander,Tirone,atironejd@europa.eu,Bigender,2021-06-13,1983-12-25
699,Osmund,Bache,obacheje@intel.com,Bigender,2021-03-07,1995-11-25
700,Isidore,Eastway,ieastwayjf@cornell.edu,Bigender,2021-02-24,1981-04-25
701,Benoite,Stotherfield,bstotherfieldjg@abc.net.au,Polygender,2021-11-11,1994-06-13
702,Dorette,Shearmer,dshearmerjh@symantec.com,Female,2020-12-02,1997-12-30
703,Trudie,Durnell,tdurnellji@dailymail.co.uk,Genderfluid,2020-12-16,1984-05-18
704,Angil,Boddie,aboddiejj@twitpic.com,Female,2021-07-04,1998-09-17
705,Dorian,Bulteel,dbulteeljk@bing.com,Female,2021-10-12,1996-05-21
706,Curry,Wyllcock,cwyllcockjl@over-blog.com,Non-binary,2021-08-07,1990-02-19
707,Berkly,Varlow,bvarlowjm@i2i.jp,Bigender,2021-03-02,1993-12-05
708,Corella,Eastup,ceastupjn@tripod.com,Bigender,2021-01-23,1985-12-07
709,Candide,De Souza,cdesouzajo@marketwatch.com,Female,2021-02-26,1986-01-18
710,Joyan,Ruprecht,jruprechtjp@howstuffworks.com,Female,2021-09-02,1983-01-06
711,Harley,Dorre,hdorrejq@hp.com,Male,2021-01-05,1983-03-15
712,Pearle,Buckbee,pbuckbeejr@boston.com,Genderfluid,2021-02-16,1987-01-02
713,Hercules,Faughey,hfaugheyjs@free.fr,Genderfluid,2021-08-04,1982-04-05
714,Letizia,Fri,lfrijt@ebay.com,Female,2021-06-03,1990-12-04
715,Tasia,Pedracci,tpedracciju@businessweek.com,Agender,2021-07-21,1998-10-23
716,Hugues,Thieme,hthiemejv@cbslocal.com,Male,2021-03-15,1988-03-10
717,Blaire,Medcraft,bmedcraftjw@sciencedirect.com,Agender,2021-02-14,1983-03-10
718,Corine,Towriss,ctowrissjx@wikipedia.org,Bigender,2021-07-03,1999-07-21
719,Gerry,Laugheran,glaugheranjy@un.org,Female,2021-09-28,1985-05-16
720,Emerson,Epperson,eeppersonjz@foxnews.com,Genderqueer,2021-03-22,1993-08-02
721,Gino,Gonsalvo,ggonsalvok0@slate.com,Non-binary,2020-12-18,1994-08-22
722,Dalenna,Tosh,dtoshk1@exblog.jp,Male,2021-11-18,1982-07-11
723,Keir,Cosby,kcosbyk2@tuttocitta.it,Non-binary,2021-04-14,1994-09-18
724,Barnie,Shelsher,bshelsherk3@opensource.org,Genderfluid,2021-07-11,1997-03-27
725,Norean,Raigatt,nraigattk4@youtube.com,Male,2021-07-15,1987-03-20
726,Harriette,Droogan,hdroogank5@e-recht24.de,Bigender,2021-08-27,1991-08-24
727,Vic,Korting,vkortingk6@sphinn.com,Genderqueer,2021-09-01,1991-02-19
728,Forest,Got,fgotk7@drupal.org,Genderfluid,2021-07-07,1991-12-14
729,Pavel,Hazelgreave,phazelgreavek8@imgur.com,Agender,2021-09-12,1984-04-28
730,Roderick,Holttom,rholttomk9@privacy.gov.au,Agender,2021-02-06,1990-04-04
731,Henka,Worstall,hworstallka@github.io,Agender,2021-10-24,1988-07-30
732,Matt,Lomasna,mlomasnakb@opera.com,Female,2021-09-26,1996-09-07
733,Cort,Ashpital,cashpitalkc@apache.org,Genderfluid,2021-01-27,1998-09-04
734,Dari,Binder,dbinderkd@uol.com.br,Genderqueer,2020-12-20,1986-12-01
735,Ganny,Cullip,gcullipke@qq.com,Genderqueer,2021-07-23,1984-10-31
736,Jilly,Houlworth,jhoulworthkf@posterous.com,Polygender,2021-11-22,1991-03-31
737,Elga,Shoebottom,eshoebottomkg@usa.gov,Agender,2021-05-28,1997-12-24
738,Glendon,Tippetts,gtippettskh@samsung.com,Agender,2021-10-17,1988-12-03
739,Dianne,Tandey,dtandeyki@mit.edu,Non-binary,2021-08-24,1981-02-16
740,Roch,Treble,rtreblekj@scientificamerican.com,Female,2021-04-08,1992-11-14
741,Mufi,Brothers,mbrotherskk@hibu.com,Female,2020-12-07,1987-01-22
742,Thaine,Watsam,twatsamkl@diigo.com,Bigender,2021-10-28,1990-08-21
743,Clerkclaude,Syddie,csyddiekm@pcworld.com,Non-binary,2021-05-28,1992-06-23
744,Cristabel,Escalante,cescalantekn@ameblo.jp,Male,2021-04-29,1990-10-09
745,Mozelle,Pleasaunce,mpleasaunceko@mashable.com,Agender,2021-05-15,1991-12-26
746,Rutledge,Cancellario,rcancellariokp@is.gd,Genderfluid,2021-07-06,1994-10-11
747,Tommy,MacSporran,tmacsporrankq@comsenz.com,Bigender,2021-11-11,1982-11-28
748,Kayley,Fried,kfriedkr@globo.com,Polygender,2021-05-11,1987-04-17
749,Allene,Aingell,aaingellks@timesonline.co.uk,Male,2021-09-26,1990-01-21
750,Ardine,Cannell,acannellkt@studiopress.com,Polygender,2020-12-24,1983-10-10
751,Nigel,Todaro,ntodaroku@vk.com,Bigender,2021-06-02,1980-04-19
752,Bowie,McKerrow,bmckerrowkv@gnu.org,Genderqueer,2021-05-25,1998-04-13
753,Richy,Grealish,rgrealishkw@chronoengine.com,Non-binary,2021-04-30,1994-12-14
754,Warner,Taplow,wtaplowkx@paypal.com,Agender,2021-10-21,1992-09-21
755,Sandor,Pinnick,spinnickky@cam.ac.uk,Genderfluid,2021-09-03,1989-02-23
756,Wilona,Woolhouse,wwoolhousekz@addthis.com,Polygender,2021-06-03,1991-12-30
757,Evangelina,Whieldon,ewhieldonl0@phpbb.com,Bigender,2021-10-27,1994-05-29
758,Josephina,Corinton,jcorintonl1@senate.gov,Female,2021-05-24,1992-10-26
759,Aurel,Rittelmeyer,arittelmeyerl2@plala.or.jp,Male,2021-10-30,1986-02-23
760,Neale,Pidgley,npidgleyl3@harvard.edu,Agender,2021-05-15,1986-12-14
761,Valida,Soule,vsoulel4@wp.com,Female,2021-07-22,1987-05-06
762,Annalise,Torrejon,atorrejonl5@miibeian.gov.cn,Female,2020-12-17,1994-06-21
763,Beckie,Romaines,bromainesl6@reference.com,Male,2021-10-04,1995-10-20
764,Arty,Hazeldene,ahazeldenel7@vistaprint.com,Agender,2021-09-02,1988-09-30
765,Sonni,Elbourn,selbournl8@umn.edu,Male,2021-03-12,1982-07-31
766,Minnnie,MacKee,mmackeel9@t.co,Agender,2021-07-17,1990-07-10
767,Loree,Ajean,lajeanla@sfgate.com,Bigender,2021-05-24,1980-06-11
768,Odelle,Delgado,odelgadolb@answers.com,Bigender,2021-09-07,1990-04-08
769,Renaldo,Hurley,rhurleylc@google.cn,Non-binary,2021-04-12,1997-10-01
770,Lissa,Searston,lsearstonld@mozilla.org,Genderqueer,2021-08-16,1982-10-27
771,Bessy,Godley,bgodleyle@1und1.de,Polygender,2021-02-18,1996-01-16
772,Willdon,Farge,wfargelf@sitemeter.com,Non-binary,2021-02-26,1998-12-28
773,Ester,Drewell,edrewelllg@google.com.br,Genderfluid,2021-06-20,1998-12-11
774,Ekaterina,Finicj,efinicjlh@va.gov,Non-binary,2021-08-30,1999-07-06
775,Avery,Empson,aempsonli@geocities.com,Agender,2020-11-29,1995-10-23
776,Patti,Coysh,pcoyshlj@symantec.com,Polygender,2021-10-07,1992-01-27
777,Blinni,Prestie,bprestielk@miibeian.gov.cn,Bigender,2021-04-08,1992-05-25
778,Rabbi,Boyland,rboylandll@ft.com,Polygender,2021-04-23,1986-03-19
779,Andi,Sheards,asheardslm@harvard.edu,Male,2021-08-28,1991-07-27
780,Claudine,Dadge,cdadgeln@mac.com,Non-binary,2021-02-15,1982-01-17
781,Kristal,Hannaway,khannawaylo@oracle.com,Male,2021-09-21,1992-12-29
782,Norean,Womersley,nwomersleylp@plala.or.jp,Genderfluid,2021-01-20,1995-09-21
783,Sonni,Mandrier,smandrierlq@blogs.com,Agender,2021-07-06,1990-08-24
784,Ddene,Duerden,dduerdenlr@cdc.gov,Genderqueer,2021-06-29,1993-03-10
785,Joyann,Feria,jferials@ca.gov,Female,2021-08-28,1986-02-15
786,Ted,Mandeville,tmandevillelt@dell.com,Non-binary,2021-11-16,1983-04-09
787,Even,McGreil,emcgreillu@sitemeter.com,Female,2021-04-07,1995-12-04
788,Jeremiah,Broe,jbroelv@blogger.com,Female,2021-01-07,1997-04-24
789,Danica,Prinne,dprinnelw@rambler.ru,Polygender,2021-01-13,1989-02-27
790,Kamillah,Joncic,kjonciclx@delicious.com,Male,2021-08-25,1980-06-23
791,Cindee,Kaemena,ckaemenaly@gnu.org,Agender,2021-09-03,1983-09-09
792,Clevey,O'Sheilds,cosheildslz@deviantart.com,Non-binary,2021-09-21,1990-06-02
793,Maude,Roaf,mroafm0@nih.gov,Male,2021-08-27,1996-02-26
794,Clarey,Coppeard,ccoppeardm1@blog.com,Non-binary,2021-02-05,1991-06-29
795,Vincents,Larimer,vlarimerm2@apache.org,Agender,2020-12-26,1998-04-21
796,Freemon,Van Arsdalen,fvanarsdalenm3@businessinsider.com,Genderfluid,2021-08-29,1994-07-29
797,Jillene,Jotham,jjothamm4@army.mil,Agender,2021-09-03,1981-08-16
798,Grazia,Caley,gcaleym5@wisc.edu,Female,2021-08-01,1980-09-26
799,Palmer,Orford,porfordm6@wikimedia.org,Polygender,2021-05-08,1992-01-10
800,Maximilianus,Donkersley,mdonkersleym7@scientificamerican.com,Bigender,2021-10-17,1985-08-24
801,Sylvester,Bonelle,sbonellem8@squarespace.com,Genderqueer,2021-02-20,1991-11-02
802,Selie,Daunay,sdaunaym9@vinaora.com,Genderqueer,2021-10-22,1998-11-08
803,Kaitlynn,Hatwells,khatwellsma@a8.net,Genderqueer,2021-09-29,1994-08-28
804,Egan,Jay,ejaymb@mashable.com,Genderqueer,2021-05-28,1993-04-26
805,Renae,Hanlin,rhanlinmc@webeden.co.uk,Genderfluid,2021-01-03,1980-07-01
806,Floyd,Fidoe,ffidoemd@japanpost.jp,Polygender,2021-05-29,1981-10-01
807,Malachi,Okenden,mokendenme@mediafire.com,Agender,2021-02-18,1995-08-27
808,Fanechka,Mallison,fmallisonmf@vinaora.com,Polygender,2021-08-19,1985-02-24
809,Andriette,De Maine,ademainemg@yahoo.co.jp,Genderqueer,2021-08-25,1992-04-21
810,Koralle,Cavee,kcaveemh@lycos.com,Female,2021-08-15,1994-09-30
811,Jordana,MacAllan,jmacallanmi@ucoz.com,Polygender,2021-02-15,1982-04-06
812,Walliw,Whilde,wwhildemj@nytimes.com,Genderfluid,2021-03-22,1985-02-05
813,Valentine,Danielczyk,vdanielczykmk@seattletimes.com,Non-binary,2021-06-28,1988-10-30
814,Carie,Bosse,cbosseml@cbslocal.com,Male,2021-03-31,1983-06-14
815,Phip,Bangiard,pbangiardmm@com.com,Female,2021-07-23,1980-09-11
816,Tabor,Azemar,tazemarmn@hc360.com,Bigender,2021-05-22,1995-09-06
817,Kippy,De Vries,kdevriesmo@miitbeian.gov.cn,Non-binary,2021-09-21,1986-02-07
818,Julissa,Dockerty,jdockertymp@nbcnews.com,Genderfluid,2021-03-26,1986-09-21
819,Stephie,Markovich,smarkovichmq@etsy.com,Genderqueer,2021-02-18,1981-05-05
820,Homer,Musicka,hmusickamr@163.com,Genderfluid,2020-11-29,1988-09-28
821,Bayard,McTear,bmctearms@sakura.ne.jp,Agender,2021-01-02,1980-11-28
822,Norean,Ockleshaw,nockleshawmt@comcast.net,Polygender,2021-03-05,1990-04-11
823,Sadie,Summerbell,ssummerbellmu@myspace.com,Polygender,2021-09-19,1990-06-29
824,Boycey,Skillington,bskillingtonmv@issuu.com,Female,2021-10-31,1988-05-20
825,Brand,Flag,bflagmw@tripod.com,Non-binary,2021-08-06,1983-01-20
826,Chilton,Kunkler,ckunklermx@altervista.org,Male,2021-02-20,1987-05-22
827,Linc,Hirtz,lhirtzmy@stanford.edu,Genderfluid,2021-07-26,1990-05-03
828,Alejandra,Lanchbury,alanchburymz@jalbum.net,Non-binary,2021-05-16,1985-01-16
829,Hillary,Joule,hjoulen0@alexa.com,Bigender,2021-04-20,1995-11-23
830,Ricky,Jennaroy,rjennaroyn1@si.edu,Non-binary,2021-02-04,1990-09-17
831,Ozzy,Albon,oalbonn2@cloudflare.com,Male,2021-06-27,1983-11-13
832,Dacy,Housin,dhousinn3@google.es,Female,2021-02-07,1989-12-21
833,Wolfgang,Sowman,wsowmann4@vk.com,Female,2020-12-26,1997-10-22
834,Perren,Foyston,pfoystonn5@webeden.co.uk,Non-binary,2021-03-24,1993-10-13
835,Twila,Ruck,truckn6@fastcompany.com,Non-binary,2021-09-08,1983-08-30
836,Derwin,De Laspee,ddelaspeen7@wiley.com,Female,2021-10-26,1995-01-07
837,Jeni,Garlick,jgarlickn8@yandex.ru,Genderqueer,2021-06-14,1991-09-03
838,Dagny,Kantor,dkantorn9@ehow.com,Female,2021-10-20,1980-03-17
839,Alli,Andrez,aandrezna@businessweek.com,Genderfluid,2021-05-01,1985-01-23
840,Irma,Woodhams,iwoodhamsnb@hud.gov,Male,2021-05-17,1990-03-28
841,Penny,Boom,pboomnc@qq.com,Bigender,2021-04-09,1981-06-01
842,Rodrigo,Lorraway,rlorrawaynd@nps.gov,Male,2021-01-10,1980-09-28
843,Vivia,Larenson,vlarensonne@istockphoto.com,Agender,2021-11-11,1999-12-26
844,Hortensia,Neame,hneamenf@vinaora.com,Non-binary,2021-02-20,1998-03-23
845,Vitoria,Workes,vworkesng@seattletimes.com,Bigender,2021-02-21,1999-04-21
846,Isidro,O'Drought,iodroughtnh@aol.com,Agender,2021-01-18,1997-08-14
847,Geordie,Bengtson,gbengtsonni@fema.gov,Male,2021-01-28,1999-04-23
848,Katlin,Remirez,kremireznj@about.com,Non-binary,2021-06-08,1996-03-03
849,Karlens,Hebden,khebdennk@digg.com,Genderqueer,2021-05-26,1993-01-13
850,Randolph,Streeten,rstreetennl@facebook.com,Non-binary,2021-09-27,1989-09-05
851,Merv,Samson,msamsonnm@shareasale.com,Female,2021-05-13,1993-06-05
852,Pavia,Mangham,pmanghamnn@who.int,Male,2021-11-18,1984-12-16
853,Aluino,Kubacki,akubackino@zdnet.com,Non-binary,2021-05-19,1990-02-13
854,West,Monks,wmonksnp@homestead.com,Genderfluid,2021-03-21,1994-07-02
855,Kelley,Prothero,kprotheronq@shareasale.com,Non-binary,2021-02-27,1987-05-10
856,Maridel,Gallihaulk,mgallihaulknr@jiathis.com,Polygender,2021-02-25,1990-11-15
857,Teddie,Patesel,tpateselns@fc2.com,Male,2021-06-03,1983-03-07
858,Katey,Berecloth,kbereclothnt@xrea.com,Polygender,2021-09-30,1992-06-19
859,Collin,Dumbrell,cdumbrellnu@opera.com,Genderqueer,2021-10-20,1987-10-22
860,Othella,Sarle,osarlenv@ameblo.jp,Agender,2021-11-16,1997-12-26
861,Bat,Turn,bturnnw@myspace.com,Genderqueer,2020-12-02,1980-05-22
862,Rozele,Jessard,rjessardnx@tuttocitta.it,Female,2021-08-23,1989-09-06
863,Dawn,Baughan,dbaughanny@ucla.edu,Non-binary,2021-04-23,1984-09-18
864,Tiffani,Klesel,tkleselnz@uol.com.br,Agender,2021-10-05,1997-12-30
865,Eberhard,Litherland,elitherlando0@facebook.com,Genderqueer,2021-02-19,1999-04-16
866,Toby,Curbishley,tcurbishleyo1@constantcontact.com,Non-binary,2021-02-26,1985-09-19
867,Douglas,Lathe,dlatheo2@reverbnation.com,Non-binary,2021-10-04,1980-08-13
868,Mattie,L'Hommee,mlhommeeo3@phoca.cz,Polygender,2021-07-13,1981-09-27
869,Zenia,Drayson,zdraysono4@ftc.gov,Male,2021-08-05,1984-05-06
870,Maura,Boog,mboogo5@scribd.com,Bigender,2021-06-20,1980-01-13
871,Hardy,Coot,hcooto6@stanford.edu,Female,2021-06-08,1984-07-31
872,Prentiss,Feighry,pfeighryo7@nature.com,Genderqueer,2021-05-04,1980-09-21
873,Winny,Fadden,wfaddeno8@about.me,Polygender,2021-10-22,1987-11-09
874,Garrett,Rudkin,grudkino9@prlog.org,Bigender,2021-10-26,1999-03-26
875,Celeste,Scandrite,cscandriteoa@elpais.com,Male,2021-11-05,1992-01-31
876,Erminia,Monaghan,emonaghanob@so-net.ne.jp,Non-binary,2021-02-17,1998-08-20
877,Gaylord,Vynall,gvynalloc@ezinearticles.com,Genderfluid,2021-03-28,1983-11-05
878,Mannie,Teggin,mtegginod@berkeley.edu,Male,2021-01-05,1991-02-26
879,Jeno,Ismay,jismayoe@nationalgeographic.com,Male,2021-01-22,1987-09-21
880,Harmon,Hyslop,hhyslopof@ihg.com,Agender,2021-02-16,1985-04-28
881,Hugues,Andriss,handrissog@eepurl.com,Genderqueer,2021-03-19,1999-09-25
882,Raff,Ben,rbenoh@amazon.com,Genderfluid,2021-10-11,1996-05-02
883,Zak,Crowth,zcrowthoi@shareasale.com,Non-binary,2021-06-16,1993-12-27
884,Fabiano,Duchenne,fduchenneoj@auda.org.au,Genderqueer,2021-06-15,1994-04-05
885,Isador,Goldine,igoldineok@fema.gov,Agender,2021-02-25,1994-05-07
886,Bevon,Stempe,bstempeol@xinhuanet.com,Genderfluid,2021-06-02,1994-04-14
887,Patrizio,Cordeau,pcordeauom@dropbox.com,Agender,2021-10-20,1985-02-01
888,Ashley,Latore,alatoreon@pagesperso-orange.fr,Genderfluid,2021-07-01,1982-08-16
889,Rochella,Jelf,rjelfoo@omniture.com,Polygender,2021-08-27,1997-07-29
890,June,O'Grogane,jogroganeop@about.me,Female,2021-10-18,1997-03-23
891,Othelia,Halloway,ohallowayoq@google.fr,Genderqueer,2021-09-30,1991-07-05
892,Denny,Dinsey,ddinseyor@pagesperso-orange.fr,Bigender,2021-10-07,1983-11-24
893,Janet,Jakubiak,jjakubiakos@cbc.ca,Genderqueer,2021-07-18,1981-06-08
894,Alysia,Spennock,aspennockot@kickstarter.com,Polygender,2021-04-24,1989-03-04
895,Web,Totton,wtottonou@slideshare.net,Male,2021-02-19,1984-08-13
896,Anny,Howison,ahowisonov@economist.com,Genderfluid,2021-03-17,1988-10-06
897,Iggie,Petrashkov,ipetrashkovow@edublogs.org,Male,2021-03-24,1980-06-10
898,Willie,Hughes,whughesox@tinypic.com,Female,2021-06-02,1998-05-01
899,Aube,De Blasio,adeblasiooy@ftc.gov,Non-binary,2021-02-10,1998-05-10
900,Whitman,Peche,wpecheoz@google.es,Male,2021-01-25,1991-07-10
901,Brit,Bandiera,bbandierap0@4shared.com,Polygender,2021-06-15,1990-05-25
902,Milli,aManger,mamangerp1@gizmodo.com,Female,2021-03-23,1983-02-01
903,Jolene,Treuge,jtreugep2@behance.net,Female,2021-08-17,1989-01-12
904,Zackariah,Bourhill,zbourhillp3@webmd.com,Non-binary,2021-10-02,1994-11-17
905,Levy,Essberger,lessbergerp4@ucoz.com,Bigender,2021-09-20,1995-01-14
906,Ansel,Ruoss,aruossp5@answers.com,Non-binary,2021-01-06,1993-11-27
907,Giordano,Calwell,gcalwellp6@csmonitor.com,Bigender,2021-07-27,1998-07-01
908,Sydelle,Denial,sdenialp7@123-reg.co.uk,Bigender,2020-12-25,1981-02-01
909,Rosalind,Gosz,rgoszp8@webnode.com,Genderqueer,2021-06-11,1993-01-14
910,Nessy,Shipman,nshipmanp9@parallels.com,Polygender,2021-07-03,1982-09-08
911,Melinda,Brydson,mbrydsonpa@printfriendly.com,Polygender,2021-06-25,1980-10-25
912,Lucine,McGeoch,lmcgeochpb@bandcamp.com,Male,2021-10-31,1996-11-13
913,Moll,Lethardy,mlethardypc@bluehost.com,Female,2020-12-17,1984-01-22
914,Theodora,Blandamore,tblandamorepd@twitpic.com,Agender,2021-08-30,1996-10-28
915,Philbert,Bradwell,pbradwellpe@google.com,Genderqueer,2021-07-30,1982-07-09
916,Griff,Dolby,gdolbypf@bravesites.com,Female,2021-02-14,1990-11-17
917,Mureil,Gee,mgeepg@yahoo.com,Genderfluid,2021-01-29,1996-01-14
918,Sibel,Nutton,snuttonph@sbwire.com,Genderfluid,2021-07-12,1991-01-04
919,Angelika,Aspell,aaspellpi@plala.or.jp,Polygender,2021-07-31,1987-11-09
920,Malina,Tippin,mtippinpj@blogspot.com,Genderqueer,2021-01-03,1990-08-05
921,Boone,Carnoghan,bcarnoghanpk@comsenz.com,Female,2021-05-22,1995-04-25
922,Nerissa,McGillreich,nmcgillreichpl@php.net,Bigender,2021-03-10,1993-11-06
923,Celisse,Ridwood,cridwoodpm@1688.com,Polygender,2020-12-01,1998-10-03
924,Caron,Reinbeck,creinbeckpn@macromedia.com,Agender,2021-03-11,1997-04-09
925,Codee,Eyden,ceydenpo@dropbox.com,Genderqueer,2021-10-17,1995-04-05
926,Caldwell,Smedley,csmedleypp@mtv.com,Polygender,2021-05-12,1998-08-23
927,Maximilianus,Blaxland,mblaxlandpq@hp.com,Female,2021-01-01,1993-08-21
928,Laetitia,Fincher,lfincherpr@telegraph.co.uk,Bigender,2021-07-08,1982-10-19
929,Reinhold,Annion,rannionps@si.edu,Genderqueer,2021-09-19,1995-02-20
930,Smith,O'dell,sodellpt@4shared.com,Polygender,2021-11-18,1996-12-05
931,Patty,Faichney,pfaichneypu@ihg.com,Bigender,2021-08-17,1995-08-03
932,Rance,O'Cannan,rocannanpv@cnbc.com,Genderfluid,2021-01-22,1993-12-04
933,Zuzana,Wedon,zwedonpw@phoca.cz,Male,2021-07-29,1985-10-24
934,Elissa,Dog,edogpx@go.com,Bigender,2021-08-16,1990-07-14
935,Cassandra,Daouze,cdaouzepy@marriott.com,Non-binary,2021-11-11,1986-09-19
936,Florian,Forestel,fforestelpz@opera.com,Agender,2020-12-26,1995-01-27
937,Natka,Rough,nroughq0@google.es,Polygender,2021-10-10,1997-06-20
938,Humberto,Powles,hpowlesq1@photobucket.com,Non-binary,2020-12-28,1983-12-12
939,Pandora,Boggon,pboggonq2@squidoo.com,Non-binary,2021-03-23,1986-02-20
940,Iris,Carlucci,icarlucciq3@desdev.cn,Non-binary,2021-05-08,1997-10-20
941,Leora,Dionsetto,ldionsettoq4@unesco.org,Bigender,2020-11-29,1985-10-04
942,Kerstin,Yerrill,kyerrillq5@163.com,Male,2021-10-19,1984-12-29
943,Dionysus,Jacklings,djacklingsq6@cyberchimps.com,Male,2021-02-02,1996-06-08
944,Etheline,Janse,ejanseq7@disqus.com,Non-binary,2021-09-05,1995-02-08
945,Avril,Arkle,aarkleq8@digg.com,Genderfluid,2020-12-04,1985-11-06
946,Lainey,Ruilton,lruiltonq9@va.gov,Bigender,2021-04-18,1982-11-07
947,Stefano,Sanchis,ssanchisqa@time.com,Genderqueer,2021-01-09,1989-05-31
948,Rhiamon,Dunnan,rdunnanqb@cpanel.net,Genderfluid,2021-09-30,1986-11-26
949,Kristina,St. Aubyn,kstaubynqc@jalbum.net,Male,2021-07-12,1991-06-12
950,Odelia,Stambridge,ostambridgeqd@skyrock.com,Bigender,2021-06-04,1987-06-15
951,Franz,Norwell,fnorwellqe@sogou.com,Female,2021-04-26,1987-07-16
952,Amalita,Giorio,agiorioqf@booking.com,Male,2021-07-06,1989-06-17
953,Pegeen,Morlon,pmorlonqg@storify.com,Polygender,2020-12-16,1997-02-20
954,Fitzgerald,Antusch,fantuschqh@histats.com,Bigender,2021-01-16,1987-02-11
955,Benedict,Bodemeaid,bbodemeaidqi@google.cn,Female,2021-01-07,1994-10-26
956,Janetta,Carding,jcardingqj@unesco.org,Non-binary,2021-05-13,1984-02-05
957,Marlin,Claiton,mclaitonqk@spiegel.de,Agender,2021-06-19,1996-04-06
958,Becka,Ruseworth,bruseworthql@wisc.edu,Polygender,2021-08-20,1996-01-08
959,Karee,Beville,kbevilleqm@ebay.com,Non-binary,2021-10-28,1987-07-28
960,Corliss,Jenner,cjennerqn@sina.com.cn,Genderfluid,2021-05-22,1986-06-06
961,Myrtie,Quail,mquailqo@arstechnica.com,Male,2021-06-24,1997-10-18
962,Elke,Gary,egaryqp@time.com,Genderqueer,2021-03-06,1998-10-05
963,Cletus,Foukx,cfoukxqq@oracle.com,Female,2021-09-12,1982-04-05
964,Raeann,Blinkhorn,rblinkhornqr@qq.com,Female,2021-04-01,1987-08-10
965,Harri,Saterthwait,hsaterthwaitqs@vimeo.com,Male,2021-07-26,1983-07-06
966,Clevey,Sarge,csargeqt@virginia.edu,Bigender,2021-01-10,1997-09-25
967,Dedra,Yerby,dyerbyqu@phoca.cz,Non-binary,2021-02-26,1987-01-15
968,Blair,Haquard,bhaquardqv@cafepress.com,Non-binary,2021-09-16,1981-07-04
969,Wain,Woolhouse,wwoolhouseqw@weather.com,Genderfluid,2021-05-05,1986-05-22
970,Barris,Fullerton,bfullertonqx@typepad.com,Polygender,2021-10-14,1989-10-11
971,Sumner,Rendle,srendleqy@shop-pro.jp,Genderqueer,2021-09-25,1994-10-09
972,Rozelle,Storr,rstorrqz@nydailynews.com,Male,2021-11-08,1990-12-22
973,Cristabel,Eborn,cebornr0@desdev.cn,Genderqueer,2021-04-29,1992-02-09
974,Astrid,Brazil,abrazilr1@google.com.au,Bigender,2021-01-23,1988-11-16
975,Ilyssa,Brech,ibrechr2@meetup.com,Female,2021-06-01,1995-11-11
976,Stearne,Vasyunkin,svasyunkinr3@spiegel.de,Genderfluid,2021-01-09,1987-04-03
977,Kirk,Wray,kwrayr4@sfgate.com,Genderqueer,2021-01-26,1986-08-20
978,Selby,Ivantyev,sivantyevr5@weather.com,Non-binary,2021-04-21,1996-01-13
979,Laney,Keynes,lkeynesr6@nytimes.com,Polygender,2021-06-16,1999-09-14
980,Abdel,Newson,anewsonr7@theatlantic.com,Non-binary,2021-10-27,1982-11-12
981,Sylvia,Fadian,sfadianr8@youtube.com,Male,2021-06-22,1997-05-02
982,Hugh,Wellum,hwellumr9@google.es,Male,2020-12-16,1985-12-28
983,Si,Heasley,sheasleyra@deviantart.com,Male,2021-02-10,1983-03-16
984,Georas,Keveren,gkeverenrb@wikipedia.org,Female,2021-06-16,1983-03-31
985,Jenine,Kort,jkortrc@shop-pro.jp,Male,2021-08-17,1982-12-29
986,Pavel,Lindstrom,plindstromrd@archive.org,Non-binary,2021-05-06,1990-01-27
987,Fulvia,Madgwich,fmadgwichre@forbes.com,Non-binary,2021-02-07,1994-05-04
988,Allyson,Agastina,aagastinarf@europa.eu,Non-binary,2021-09-04,1998-03-27
989,Timotheus,Dobing,tdobingrg@china.com.cn,Bigender,2021-03-20,1996-07-14
990,Chlo,Klageman,cklagemanrh@fc2.com,Non-binary,2021-09-26,1980-04-23
991,Geno,Botger,gbotgerri@cornell.edu,Agender,2021-07-24,1990-04-06
992,Juanita,Arnout,jarnoutrj@nih.gov,Female,2021-08-13,1984-12-12
993,Kevyn,Calan,kcalanrk@vinaora.com,Genderfluid,2021-03-29,1980-06-16
994,Rochelle,Ballston,rballstonrl@bravesites.com,Non-binary,2021-09-27,1990-03-14
995,Odelinda,Hackey,ohackeyrm@springer.com,Genderqueer,2021-05-05,1988-03-15
996,Brianna,Barthropp,bbarthropprn@4shared.com,Male,2021-03-04,1995-01-21
997,Humfried,Mackleden,hmackledenro@google.de,Male,2021-08-23,1981-09-18
998,Theodore,Hilhouse,thilhouserp@oaic.gov.au,Agender,2021-06-18,1993-02-08
999,Stacia,Purdie,spurdierq@imageshack.us,Non-binary,2021-01-30,1996-01-28
1000,Gery,Tapin,gtapinrr@furl.net,Non-binary,2021-07-26,1981-02-02
1001,Gery,Tapin,gtapinrr@furl.net,Non-binary,2021-07-26,1981-02-02
